% Model,reactor_3D_ports.mph
% Version,COMSOL 6.4.0.293
% Date,"Jul 31 2026, 12:41"
% Dimension,2
% Nodes,6012
% Expressions,1
% Description,"Molar concentration, c"
% Length unit,m
% surf1x,surf1y,c (mol/m^3)
-0.1455661722379817,0.03620068369495585,0.3760044407653996
-0.14155589830806317,0.03716396058221761,0.3749220063373689
-0.14453249887788344,0.04012925077938312,0.3693172351982468
-0.12852857642513837,0.07733307857655326,0.3866800206454946
-0.12439891419284983,0.07706721969683973,0.3849360048930323
-0.12638731104249737,0.08078519423413565,0.375911328616066
-0.1343808391138032,0.06664675595308554,0.3896971604574109
-0.13026993987966476,0.06667144551719201,0.3942905017431188
-0.13252680666690345,0.07026126610496851,0.3888838764363341
-0.12839461076142528,0.0702290147845618,0.39285455418885307
-0.13057557540842582,0.0738242447083511,0.38890439700627694
-0.12644414756834213,0.07363852068468511,0.3971994604650595
-0.12239992416562762,0.07344656528808778,0.3853790598270636
-0.122218315847496,0.0804146355850454,0.3789601947265564
-0.12415334972353358,0.08417805980435736,0.37626476285967964
-0.12032035766318258,0.07671527340833083,0.375673673216612
-0.12008397219961083,0.08381472352948001,0.3812247085179378
-0.1218283309170317,0.08750918686612409,0.37618477598010575
-0.14079887471207259,0.05172694539419556,0.38212596695173157
-0.13669521386500966,0.05220813067085251,0.39670640234227245
-0.1393465079725187,0.05552072330098716,0.3899898315779699
-0.13522628983910426,0.05594031395674867,0.3932093099726482
-0.13779194066454326,0.059273780779523326,0.38334955725333747
-0.13206703139723133,0.06323237503554054,0.3877844953677289
-0.13613631295064357,0.06298336523403969,0.3770030110773252
-0.1336603854155698,0.05955036797730531,0.3814992791937967
-0.1311691214432795,0.056262052402205255,0.3803438032144761
-0.12965413571186765,0.059853272387216466,0.37740708872887724
-0.12429826265122845,0.07014415370637485,0.39578637657003196
-0.12617327288933736,0.06674963731227251,0.3877493354030687
-0.1278900741570059,0.06327561819158276,0.3848486916117901
-0.14339282140074172,0.04402838596559023,0.3827821868115791
-0.13935654489607288,0.04480739026932025,0.39362339626247017
-0.14214797567742038,0.047895229520397,0.38666421979735716
-0.13808317911978682,0.04858508389810035,0.3878355188838522
-0.13407899188353126,0.049101011780730903,0.3893844247022766
-0.13541240451123757,0.045563094099772515,0.38262316234835175
-0.14052344259458266,0.041014723105283396,0.38460937858960237
-0.1365582571039243,0.04185256775923759,0.38634695490489035
-0.1495051784340334,0.012173808829114691,0.3383421336132349
-0.1456875648473285,0.01379001684673375,0.38113476110443983
-0.14912069357315394,0.016217852763591264,0.36034163184697476
-0.1459937494005869,0.009839500134292032,0.3642153078249004
-0.13760223929336546,0.03812596594314442,0.37454502793013617
-0.1473125524113234,0.028266798581747746,0.3704485241082767
-0.14333799507678674,0.029406529092711766,0.3884763524074841
-0.146493083356513,0.03224556603165361,0.3777087373881109
-0.1425236016356297,0.03332838032766602,0.38525415996430107
-0.1385424633760778,0.034299179027973734,0.36921904733486327
-0.14978001207766858,0.008120836287812629,0.31258783328109163
-0.14619516675724759,0.005820144376947596,0.343443532743168
-0.14256397119269995,0.007590469629941723,0.36492254544327224
-0.1495051784340334,-0.012173808829114782,0.28783514526901893
-0.14599341266146895,-0.010050184475931026,0.30947176540175025
-0.14978001207766858,-0.008120836287812702,0.2983570890279587
-0.14268834734267066,0.0036695731579960695,0.3538974043038134
-0.14912069357315394,-0.016217852763591376,0.27766461278737625
-0.14576127024436847,-0.013885411651955863,0.3024725664343238
-0.1221483927321032,0.0666349149172416,0.3970547915318377
-0.13268483676239048,0.05265275497365562,0.3909030454037246
-0.12554860380379293,0.059983739860996095,0.3825963257240182
-0.12396991450767243,0.06336807932251151,0.3867002176197137
-0.12717902589741192,0.05658334469641926,0.3784277223780484
-0.1286448573546351,0.05297777361494531,0.3837989359897089
-0.12316401788070465,0.0567260396732394,0.38029579887341375
-0.12031010585258982,0.06999164923675774,0.3881993690604934
-0.11835040540838293,0.07310809344424007,0.3758659304026197
-0.11634757188786074,0.06966778835240166,0.37216042643713015
-0.11777748645917652,0.08690952443580001,0.37724211359081417
-0.11941395985584656,0.09077613227906477,0.3740247766082258
-0.11607188737347585,0.08315737126812794,0.3790970050783373
-0.11373284030089283,0.08620883758984953,0.3775047294909348
-0.11643464168782439,0.07652062883791787,0.3841924307699243
-0.11829026268507108,0.08017830887591748,0.3812235240712971
-0.1144978575950182,0.0729247273098864,0.3785728508200447
-0.11424804175579507,0.07948039597826775,0.3855184061509553
-0.11236277360926823,0.07585087014540529,0.3877791606293914
-0.11205464030135688,0.08249813311973538,0.382496154137773
-0.11537824423916228,0.08996565955027973,0.38449836026234957
-0.11691200730623875,0.09397649997539798,0.3816054694111653
-0.11283008704800741,0.09317319407334179,0.382395526689665
-0.11432430826914548,0.09710794271727412,0.37670309820759423
-0.11137120391466938,0.08918201591509692,0.38071912430683613
-0.12471504028448195,0.05336993283741421,0.3774212338662879
-0.13006947747467004,0.049578441373906455,0.39196062998040654
-0.13267606079120497,0.04254381823608837,0.38335909527903045
-0.1313408302670078,0.04612175855877466,0.3861702876845925
-0.1346690189142678,0.035310048258677104,0.3743838695160661
-0.13375464652974037,0.03899449000162666,0.38425676259653296
-0.12986331570774992,0.03963486530928465,0.3802730788064805
-0.14229666898344218,0.011434270381068245,0.3732849422944682
-0.138932376399958,0.009253740705044073,0.37318211431494674
-0.13868513211533956,0.0129777088197484,0.37032396732885003
-0.14523616966132585,0.017731085130943916,0.38359508169378653
-0.148626839486821,0.020250002077993517,0.3638621958909007
-0.14199509077853686,0.015334267189378806,0.37214293024720463
-0.1355186477254554,0.03160603598825602,0.3720436813202055
-0.14472725702940337,0.02164920203168814,0.38445129319678695
-0.14802397838122894,0.02426729948291471,0.368462040554614
-0.1441067537936553,0.02551572260538548,0.38400973045203474
-0.1381994129211062,0.0167767066600367,0.3733923612346344
-0.1414815595479912,0.019126608184239623,0.3724134145569194
-0.1409073442753546,0.022963688303349977,0.37318084800870915
-0.1377906184552264,0.02052916169889437,0.37709325469543026
-0.13947481394678132,0.030618456012185418,0.37870207508299863
-0.13637513168587853,0.027872088377074875,0.38300521560457307
-0.1401589281180946,0.026701640580815877,0.38034457912264136
-0.13908049810765474,0.00539539254906429,0.3718195357208636
-0.13552169251695143,0.007016132778677168,0.3634363325145898
-0.14634223791282158,0.0018667654069860048,0.33258475830860434
-0.1499449929334926,0.004061907701420174,0.32082044998353076
-0.14634597568315003,-0.00208955909669249,0.3168276876744857
-0.14282825143437486,-1.0261019395294113E-4,0.3444723443231628
-0.14625256297951877,-0.005998890855626257,0.30874333108644053
-0.1499449929334926,-0.004061907701420229,0.3308754349893583
-0.14255490108050312,-0.00790874195681608,0.3395452965953332
-0.14267426204687494,-0.00399170570768888,0.340955109549274
-0.1355859848456225,0.003379234511136872,0.36911257546476955
-0.1473125524113234,-0.028266798581747778,0.267083564507299
-0.14406727668300018,-0.02572714233065247,0.29529314600314766
-0.14802397838122894,-0.024267299482914725,0.27240594089328574
-0.146493083356513,-0.032245566031653655,0.2585742704488909
-0.1433944259674909,-0.02954115482871849,0.2972894082026157
-0.14473428143399442,-0.021762930448781973,0.2920621216322122
-0.148626839486821,-0.02025000207799351,0.2736593295574035
-0.1422548647406672,-0.011782082487262792,0.3363784986272466
-0.13920753443168338,0.0016516161969522827,0.3658650923866286
-0.1452663370704433,-0.017830262331858214,0.2950559435905898
-0.1420115248502997,-0.015473855375967148,0.32943438362467764
-0.1409647516601505,-0.02315590561185416,0.3183045673187019
-0.13885442296528422,-0.009642414041441363,0.34643990033274225
-0.13902658017312622,-0.0058569020511914545,0.3497277631516193
-0.13931094701522403,-0.0019796924375211234,0.3553090172007296
-0.13564890434061497,-2.2227433865333523E-4,0.3678304720700179
-0.11821401693838642,0.0665240711819146,0.3900531121205713
-0.12167388470889949,0.06014007100852706,0.38292008552837536
-0.11998657892390645,0.06322963617924988,0.39232632738539636
-0.11419155219718495,0.06620144464129592,0.37711399191477596
-0.11601920841433416,0.06313377280149651,0.3924717510951838
-0.12609057003950688,0.04988901963239964,0.3837460130345281
-0.12067797739546061,0.05350081336378642,0.3802067295283024
-0.12214553518712343,0.05022424761834685,0.37890311323071163
-0.11928787583347426,0.05686194915837395,0.3816444867069033
-0.11731333941869006,0.05371929046885274,0.38185784499701897
-0.11027251376910342,0.096147745436077,0.37722438040504885
-0.11165276063434054,0.1001681638183043,0.37572793147680655
-0.10879075514846477,0.09230104118025471,0.37542331219247727
-0.10764504266277596,0.09900269336308802,0.38363764573628806
-0.10889932378846964,0.10315491882801349,0.38000584869075177
-0.10488405557264364,0.1019623464807358,0.3819532749796421
-0.10606601717798216,0.10606601717798211,0.3730547875819574
-0.1020890383198414,0.10478013607097719,0.3740217069699703
-0.1031549188280135,0.10889932378846962,0.36849952543809944
-0.11241583019450437,0.06935248692012828,0.37110174428916776
-0.11079625971130348,0.06601645577447939,0.3713056516234951
-0.11026208852898044,0.07889387111020299,0.3850282516449379
-0.10972926710211332,0.08550515607730792,0.38042847778811617
-0.10807319910242594,0.08181274256702331,0.38204641310335474
-0.10737664451158843,0.08834733364368151,0.3809104281201729
-0.11044101327971866,0.07233558569349882,0.38322126093287817
-0.10849243651854847,0.07527393877740618,0.38759172547906445
-0.1063026125450048,0.07823240688973235,0.3839756788407001
-0.10507974045270095,0.07438510702735462,0.3880570295540838
-0.10490287803546278,0.09138808925559831,0.3800070280591816
-0.13707226825281926,0.024071244326031846,0.384539417604905
-0.13391977293221605,0.021680683396691023,0.3813440464853135
-0.1345857798113135,0.01814986661866372,0.37483602940668925
-0.13536711659800096,0.010765698629031654,0.361431245860167
-0.1233923395136889,0.046948077347104246,0.38220490949871394
-0.12744176446764824,0.046615258186937326,0.3860439741090557
-0.12862035453538345,0.04309200878387839,0.3820767826674056
-0.1247326044089778,0.04365699679923394,0.3844564768948103
-0.12574519505203713,0.04020011185547643,0.3818291493654851
-0.1349079559987875,0.01441070149386119,0.36812612564543284
-0.13153771215737808,0.012258871513362423,0.3751122732372989
-0.13125234270336847,0.015786106415612046,0.3791237076714134
-0.13247655200727193,0.028868261380908748,0.37311688728823894
-0.13320586272987425,0.025181159873824563,0.3810468951448902
-0.12694617531652289,0.03676847918145343,0.37812769928413864
-0.13088752941986656,0.036085507867326956,0.3780486693229869
-0.1318474466208821,0.032669526295037235,0.3690815128027949
-0.12894053494898292,0.02990192333144309,0.37179400547731384
-0.12946848877528705,0.026091496582174536,0.3746529016267158
-0.1302540225736877,0.022876760455154924,0.37888896913486475
-0.12839549068291142,0.013554958126368349,0.38177081018355463
-0.1321992167212753,0.0015186807976710385,0.35605989267653454
-0.13187109616918732,0.008504444399771351,0.36455967436114917
-0.13194612741654824,0.004909785563910326,0.35870429467575976
-0.12846937087515373,0.00961168272775737,0.3822148063461865
-0.1287469460329,0.006485580302389636,0.37422836110251145
-0.15,0,0.41152121194865016
-0.14214797567742038,-0.04789522952039699,0.2469264811489742
-0.139286757877315,-0.04492702079908078,0.2853454302582125
-0.14339282140074175,-0.04402838596559019,0.24755908542148056
-0.14042745286725408,-0.04119087270741182,0.2892822643892319
-0.14453249887788341,-0.04012925077938321,0.25289908341645384
-0.1415061664677917,-0.03731648747300857,0.2935948118420808
-0.1455661722379817,-0.03620068369495592,0.25424377672834125
-0.14244091713619933,-0.033468654196476356,0.29526580408142716
-0.14015731623847952,-0.02699808113621478,0.3192498729065623
-0.13942919863942946,-0.030845567690030513,0.32044738082425694
-0.13646386334713745,-0.04208846225645967,0.32779606076344997
-0.14079887471207259,-0.051726945394195575,0.24492820328507528
-0.1380324709450922,-0.04871027092146122,0.2886388055630796
-0.1414550054290867,-0.01933538605964676,0.3233952193877252
-0.13856755413869698,-0.01340357718402079,0.34629497239149126
-0.13829485650807813,-0.016978331234973113,0.3454613749091604
-0.13767130676415856,-0.020747701453185458,0.3429881214559099
-0.13630940745130343,-0.02831064280683049,0.3304916423589146
-0.12868023030162307,0.0026714781570271813,0.36278242398837107
-0.13541361467904536,-0.007632571465269145,0.362542497447822
-0.13520485641297636,-0.01130760868459047,0.35727129918409056
-0.13712074176994712,-0.02451126951812231,0.3365314008945722
-0.135722583238848,-0.0038872043592462903,0.36497666210295837
-0.13204735225110964,-0.002068922586489201,0.35595367582233867
-0.1393465079725187,-0.055520723300987174,0.2416088204584748
-0.13670727689932516,-0.05236829993336737,0.286481885202265
-0.11761661696439445,0.059975492442919914,0.3869018074370149
-0.11249025392034818,0.06257127083661389,0.383068078680217
-0.11422151135175775,0.06012288702600077,0.39108623784123747
-0.1156840693368355,0.056475734917108555,0.38478888000112205
-0.11265037294550947,0.05693149280907335,0.3910503998625033
-0.11859206012230192,0.05006025719709524,0.382861545779235
-0.12111205576886792,0.04363510563264495,0.37976603554258487
-0.12001879740367952,0.04743178038738876,0.37845958364319016
-0.11811834393894072,0.04443171010943621,0.37775427331131634
-0.11831616180003358,0.040428460537888615,0.3793265480880468
-0.11335640776099522,0.05296550165320883,0.3845401122774622
-0.1159175857042105,0.04685513795483298,0.38332706120108934
-0.11558997489982864,0.05062568788969665,0.3842789160586636
-0.10943756559872024,0.05483987619989533,0.391248175358943
-0.10630880513305209,0.0951793294729846,0.3776104231067767
-0.10375638259090281,0.09800381883617078,0.383730070127756
-0.10241339666206983,0.09414758323607073,0.3826182079996206
-0.11019812569456036,0.0590899279815808,0.38740829703178525
-0.10946086303589397,0.06283965393302868,0.3746073364550948
-0.10894419824839759,0.06863741917854836,0.3716413520958264
-0.10700272087769358,0.07198626063457825,0.38269622904212935
-0.10695692704830727,0.06485736717457213,0.37193415196292223
-0.10582352445734905,0.0687547466713633,0.3764752533860718
-0.10314163633106624,0.07064675267826359,0.38489321803792015
-0.1028884559165979,0.06636648566898203,0.3786892092663305
-0.10381129483602926,0.06282556109641357,0.37321381758618294
-0.1035695794573061,0.0875255178321562,0.3800907688599224
-0.10588523020345311,0.08474336786563728,0.38069435386741707
-0.10424524004478056,0.08101091760298831,0.3811522870909659
-0.10201324340908689,0.08373555519446182,0.38128569456745276
-0.10296418734735353,0.07760668756895854,0.3839299639589076
-0.10199512359201722,0.07438580616381164,0.38700549065313045
-0.13065545955598762,0.019295319317620147,0.3787287702519169
-0.12788792940835492,0.03334913595281797,0.3756335304728284
-0.12623989480801887,0.02713124518434199,0.37344410138209966
-0.12448690955436348,0.03414601264711539,0.37963859672062067
-0.1252206530527323,0.03033276734137359,0.37712595749807226
-0.12236632394576683,0.03134780348492339,0.38117816138687444
-0.12042212894812047,0.03392586581380818,0.38061869969096046
-0.11475235384625375,0.042694025898794764,0.3751704526211345
-0.11253201839832917,0.045266307053522664,0.3867521499331574
-0.11485829104591028,0.03901970427548844,0.3745696588775353
-0.11686582567754293,0.036408421277313925,0.37849059335316004
-0.12036676547770984,0.03792070361667279,0.381171018494039
-0.12242981692891668,0.040829076997649094,0.38191015160304737
-0.12330953332647536,0.036989609037366186,0.3804271131549835
-0.12661176099496504,0.023474607970023785,0.3780637318979693
-0.12399569730744216,0.02462718809702884,0.37401964036270563
-0.12747559694203017,0.020392218875724354,0.37963456934224743
-0.12776460915598517,0.01657772355514608,0.3775183266097748
-0.12347251735941361,0.020968894796011966,0.38016593870952914
-0.12505391780052072,0.01798524330460502,0.38060752159574673
-0.12225730894123085,0.027520870720231634,0.3772073373164612
-0.11860015597403258,0.030041874845218985,0.38280252530260633
-0.12009742246711233,0.02353203023635623,0.37364151663051504
-0.11963804052777477,0.019921139076518487,0.37687902692134645
-0.11841836608603373,0.026557406059156692,0.38107093687702126
-0.1248110624911448,0.007563660734465841,0.3854503133719267
-0.12576504078864978,0.011203687505236821,0.38110273456788235
-0.12437799213378566,0.014141584676389037,0.3731240373390542
-0.12140813376791362,0.017006610822390814,0.3798269857335747
-0.12209572062200513,0.010537146804502627,0.3654565640537714
-0.12907870368905458,-4.1358988423641566E-4,0.3532683695062677
-0.12617123783364895,0.004392863834606978,0.38013228699574664
-0.13534188998482988,-0.04572963839517931,0.32814804205465037
-0.13855054817539436,-0.03455213280056257,0.32395239894843836
-0.1374723179511629,-0.03843548843356101,0.32796984709482097
-0.13358342493167405,-0.03931879156323152,0.32786545315839977
-0.13467886933392714,-0.03558255587390563,0.3287106972076356
-0.13553402869692222,-0.031998533108953967,0.32804145183160055
-0.1332927693580862,-0.02583443242483461,0.3419323094098548
-0.1325010680135125,-0.04286325899991826,0.32655597643965106
-0.1339892123151748,-0.04936194916352332,0.326800073228428
-0.13164621621138,-0.033020339715516246,0.3305897054144456
-0.13489349306073228,-0.014900807846392923,0.354454748183916
-0.1345761847732122,-0.018404254132644425,0.34981816149403405
-0.13392879927074516,-0.022185268741445767,0.3451578534651565
-0.1324606285700174,-0.02941418647823749,0.33684115271260345
-0.12507186354698915,5.987492592707611E-4,0.37629620464486824
-0.12627601132347774,-0.00249495494906828,0.3606914908817291
-0.12990735909355303,-0.023385944750081093,0.35038645697780807
-0.13145147286408007,-0.012792465800210573,0.36653488089247305
-0.1316887987529003,-0.009181287464991798,0.3636479298549005
-0.13203006372457068,-0.005647979445628607,0.36070594190203625
-0.12868392031812934,-0.004294946521347235,0.3502211034977339
-0.1249954336428085,-0.006107512343251912,0.356376651175266
-0.1288501893380741,-0.007374789883245079,0.34976638748121136
-0.1310368143345777,-0.016307832076625232,0.36525446681821294
-0.1282224363295935,-0.011280855071055406,0.3531893094986926
-0.1282036321786094,-0.014320632746296596,0.3569081304390524
-0.13136042207350496,-0.04643711989052935,0.32874694276708066
-0.13779194066454326,-0.05927378077952336,0.23952080118389638
-0.13518044354166062,-0.05604491095406985,0.2787162712074605
-0.13613631295064355,-0.06298336523403975,0.23695797246248065
-0.13358071396903853,-0.05970467221582711,0.27340110703070963
-0.13438083911380316,-0.0666467559530856,0.23084832061114988
-0.1319584052585753,-0.06330481428835172,0.271258948860867
-0.13057557540842582,-0.07382424470835108,0.23310244686682613
-0.12839115559819672,-0.07034626060356874,0.270461424155014
-0.1325268066669034,-0.0702612661049686,0.2299569756856532
-0.13021269720616402,-0.06687058834119279,0.2691216689527618
-0.13265957585435825,-0.05297350697208033,0.31957246607581724
-0.1311205437264139,-0.056583939645226726,0.31639492383067863
-0.11289902056006944,0.036429601364641115,0.3751141030570065
-0.113907730521132,0.03376697485789218,0.37893954631053767
-0.11189159333716887,0.039805624821948694,0.3730189723086727
-0.11075613028971912,0.042569237683567636,0.3860135526047919
-0.10954730805443975,0.045843118699800005,0.38567662660391755
-0.11219818600378986,0.04887561868193697,0.3850248169395395
-0.1099754499617696,0.05120472539038285,0.38562633254824685
-0.1082697952588664,0.048441265095136604,0.38521781404700434
-0.10686299170405493,0.05163445256935644,0.3894959551034123
-0.10582139721646709,0.04565928581683858,0.3844202619521328
-0.1045318642512753,0.048554925563064545,0.3882928844569162
-0.1070589257939632,0.04297538453656772,0.3856278948018146
-0.10546215548807962,0.05427729307289202,0.3799717176478928
-0.10696328088239158,0.057145238755208154,0.38041010728330854
-0.10627539459681146,0.06066864997612993,0.37071802915318836
-0.10389682209470193,0.057434071051061734,0.36874493229144595
-0.10239500970136499,0.059920110943703406,0.37102776923501346
-0.12098920314207857,0.006699636494025477,0.36692693549097205
-0.11847408506500638,0.00834955016696933,0.3626802541212264
-0.11816213242649609,0.011307552649601085,0.3672577754216499
-0.11603207609778997,0.024156306419728737,0.37947715603963855
-0.11543400390536988,0.02756827430012053,0.38092164026180964
-0.11464408544595783,0.03037542329474377,0.3781752918380257
-0.11024020169061788,0.03396014721238748,0.3739786109482228
-0.1112149461557162,0.03121387238100624,0.37821117277347976
-0.11731304018190059,0.017646659610786913,0.3762760359624982
-0.11796459947664363,0.01466283295859261,0.3753036567235321
-0.11671064030829698,0.02121422525550716,0.3787191792115996
-0.11292290788273661,0.021789522116322714,0.3842041935454165
-0.11349267718387128,0.018036254586117052,0.383396492086344
-0.11506585769892134,0.015439939447748898,0.3811726819379511
-0.11678231597836933,0.03282200653145162,0.37613473694246474
-0.11265951020248446,0.02490795446951532,0.3816591956430527
-0.11194569694994135,0.027792230920954324,0.38016814597342635
-0.1258676842525415,-0.009247985451709432,0.3492769682589777
-0.12244367234604547,0.003714376135632698,0.3781005787359902
-0.11855669110537687,0.004686184978580648,0.3590400270445539
-0.12075908539903278,0.013357324383985236,0.36917913406635205
-0.12137859839529466,1.5507562495191963E-4,0.37330918001780244
-0.1307309296186524,-0.03653322311424333,0.32626698655570857
-0.12968096850165436,-0.04011266340642551,0.3247984491823073
-0.1293206433990955,-0.026967927726878414,0.3498757998750918
-0.12627055374343285,-0.025113085771494598,0.34877868074918034
-0.1273092650455569,-0.021287426448427953,0.3504778182254964
-0.12664819077292944,-0.037380544454373325,0.33279261970606483
-0.1276619032693605,-0.03390751102399617,0.3399485732756053
-0.1284765184922188,-0.03043696747016719,0.3456723179245507
-0.12595697424497823,-0.028109436447580884,0.3519990015071272
-0.12854641760157592,-0.04359028442685781,0.32672682953246196
-0.13001089307597602,-0.04996075118945488,0.3300799801848319
-0.12735131437006836,-0.04707487401685727,0.33039322363242873
-0.13078605494879256,-0.019773434963000106,0.35578798101979275
-0.12740413077932067,-0.01811770255134894,0.3531850510595098
-0.12251458285672334,-0.002893800314986898,0.3723766516662693
-0.12214856782649894,-0.009352022875638027,0.3572181880722548
-0.1211519827194959,-0.0062482037552405245,0.3656588039740849
-0.1243638502036807,-0.012991576391587288,0.3473926424840506
-0.12520068438108842,-0.01607008560321598,0.35216956011710465
-0.1242086296940024,-0.022908545653482,0.3477731091999411
-0.12354438119316812,-0.019877683829101378,0.3499716017637931
-0.11875321062543194,-0.004441629128394546,0.36239372197615133
-0.12852857642513837,-0.07733307857655326,0.23624497049938198
-0.12646871931556855,-0.07376393832976452,0.27255605829337953
-0.12638731104249734,-0.08078519423413567,0.2408722982760065
-0.12438505716781188,-0.07717689498410782,0.27719581177653924
-0.12415334972353356,-0.0841780598043574,0.23747762737901043
-0.12226443608307958,-0.08047929731901209,0.28088929689784065
-0.12430507568254931,-0.07033105266109636,0.32377086712177844
-0.12957250837613268,-0.060092806352572206,0.316554368252971
-0.1279354895473091,-0.06354244490084858,0.3190096266608787
-0.1261471707513954,-0.06693606113968256,0.32195923989167824
-0.12718586183721653,-0.05688789845275878,0.32323356108665474
-0.12552029811256338,-0.0603370406465533,0.32786297895340727
-0.1286170527664221,-0.05353379875178098,0.3269754418278343
-0.12599941535759204,-0.0504904492118969,0.33098603458813747
-0.12459760675421908,-0.05388681871436441,0.330242449100441
-0.11941395985584652,-0.09077613227906484,0.22768969922788476
-0.11767473408467247,-0.08703517022576769,0.2728002616581669
-0.12182833091703163,-0.08750918686612413,0.22853827181721095
-0.10826543373993214,0.0397031834675809,0.3838845789715793
-0.10543751909200677,0.040489137484370254,0.3854328743021849
-0.10918737582210378,0.03698053173963522,0.3699847321708525
-0.10538139566197652,0.03766450944051587,0.3810113267287571
-0.10633629753845869,0.03447527557893689,0.3686654395299094
-0.10333748800311807,0.05117968720535819,0.3795533440930396
-0.1035861450339826,0.04275877247445041,0.3838295872617692
-0.10196005247145297,0.04578698413504631,0.3843661416956241
-0.11502283165229898,0.012504523151258162,0.37620076070456826
-0.11193820929476786,0.0144753518896336,0.3861488430054869
-0.11467235431760717,0.009325641383337569,0.3694352943414995
-0.11501328697220403,0.0060096620895975054,0.3613682762650447
-0.10765612182647595,0.031310103110757055,0.37319881384344705
-0.10926231905110156,0.02883445846678179,0.3782412867638561
-0.10895623667165535,0.02596346965498799,0.37969216925053795
-0.10549456777295103,0.027951204470957818,0.37349976434584586
-0.10941005689906717,0.022837631037700788,0.380585335098592
-0.10992608869525008,0.01966914976730606,0.38640914966762024
-0.11009376692041252,0.016718256150981672,0.3857061087793211
-0.12073072147383698,-0.012787978049736616,0.350394883648754
-0.11840944150834963,-0.010836672819034263,0.3528958597830077
-0.11522039871887177,0.002702479371739017,0.3528602325773141
-0.11258723968775008,0.003779978931216583,0.35888318762822935
-0.11881006121827804,0.0017983433717821456,0.36105100567530496
-0.11556608182067442,-4.98031271824928E-5,0.35298411906867205
-0.11866481188054512,-0.001635539085914921,0.3612564431158149
-0.1152498091034847,-0.003219586738545537,0.3515911817983051
-0.12444901939554093,-0.0442263330838593,0.3309530691591098
-0.1257530614847437,-0.0408124849573871,0.33161050735472136
-0.1227984045659825,-0.03857873857347329,0.32963481208064266
-0.12336707896355714,-0.04760920781913059,0.3330170820539106
-0.12218970099637325,-0.04156942162829897,0.3288578308057635
-0.1205144248492435,-0.04516870225267286,0.3232580263851818
-0.12030352411589666,-0.022479902341907228,0.3456805742403276
-0.12222350405813517,-0.026289166940096302,0.3499355135380386
-0.12270240445672931,-0.02951645579800555,0.35355730229471877
-0.12417365944550554,-0.03487452889365718,0.33737611577854154
-0.12467139443859793,-0.03183195168505841,0.34882635456152017
-0.11891714616791722,-0.029067081578778912,0.3440340912725181
-0.11841072182851807,-0.007967599279571339,0.35509073598077007
-0.11519061134236713,-0.006111140131034986,0.3500699025488028
-0.12138517452329017,-0.01603235266911542,0.34460788733431624
-0.11991903950761246,-0.019292452564526913,0.34143592758647706
-0.11683075982974885,-0.020570806827406172,0.339752470037653
-0.11432430826914541,-0.09710794271727423,0.22424745662143222
-0.11280310675665817,-0.09327851830851223,0.2668889905462533
-0.11691200730623869,-0.09397649997539806,0.2251160823903525
-0.11165276063434046,-0.10016816381830444,0.22367080241219173
-0.11025925349544825,-0.09628140433138671,0.26756580587079243
-0.1238676874373085,-0.06370857649941244,0.331515741276096
-0.12241312895475216,-0.07361121735954446,0.32123687333241896
-0.1222118255667912,-0.0669334050281982,0.3351525917480498
-0.12029087059995296,-0.07694453110577847,0.3181040396975027
-0.12026475883117363,-0.07025235255646779,0.33687550236410396
-0.11999667383074518,-0.08378193167128782,0.2818234684033129
-0.11826994126324532,-0.08019128413571092,0.3257531142884831
-0.1232394699949197,-0.05716728922788545,0.330125650124152
-0.12147453491045679,-0.06053928246194632,0.3278639954976921
-0.1218912718989721,-0.050987933870535206,0.33604254235428216
-0.11972613435893177,-0.048182937600798226,0.3226550067683196
-0.12067033133136894,-0.0541358161616909,0.3335530197426444
-0.11932818743964779,-0.05740991244439274,0.3265961094909973
-0.11592501154424732,-0.08342625178008459,0.3250747360072033
-0.1152220925040403,-0.09022207146217276,0.2712086901167834
-0.11361530731846704,-0.08656206699098457,0.31643466036001805
-0.10347835982487147,0.03169296731674449,0.3674542941899379
-0.10181654311261377,0.024874515370925054,0.3752712374284322
-0.1024643096238259,0.035319416677421646,0.37715846744253495
-0.11094799461547745,0.006779089566851262,0.3712041687380223
-0.11083980613047964,0.011094346752035812,0.38166228821282827
-0.10710409871336492,0.01752029000554443,0.3852881880021178
-0.10833142563077025,0.014180383867453962,0.3839987865256827
-0.11228487062390217,0.001093595771908035,0.35606553474939195
-0.11291490968510798,-0.0014721271509994126,0.35462220280898415
-0.10878312426521225,0.002831507775618391,0.36696727198272144
-0.10708398198528254,0.011596041777412034,0.3792265334873728
-0.10719071371754038,0.0059445692644376534,0.37319393331905043
-0.10629077974723052,0.020417861336772192,0.3788366565548827
-0.10342894151888539,0.01805600849084726,0.37775918512102136
-0.10225227256801374,0.02150025714079326,0.3820239097424452
-0.10580091128114842,0.023674986784189025,0.3800354177797031
-0.11779173070069837,-0.01429402630215739,0.3476981207826986
-0.11754656615938418,-0.017218244792334608,0.3409955855333863
-0.11476338243009852,-0.01215477608902323,0.3468728135380101
-0.11499509628796635,-0.009228841471392428,0.3470164692842385
-0.10928885459897625,-0.0011057210769388065,0.3602420809531593
-0.11180271565314402,-0.004198196557049883,0.35537169765424154
-0.10818900688393637,-0.005134141599409944,0.3610460510428344
-0.11639420224653568,-0.02346666030923128,0.34076608894856936
-0.11853855402797084,-0.02570002202602264,0.34459278154782935
-0.11552604663700518,-0.026881101602600738,0.34392996339803833
-0.1209101394525868,-0.03613730027557244,0.34155625327504224
-0.11865166828315551,-0.03946669382825568,0.3450244373012094
-0.11882147720129506,-0.042670353944529095,0.333338795434885
-0.11634967973218137,-0.04576528154489827,0.32705552185029213
-0.11616458531586976,-0.04905920806220399,0.322338865516934
-0.12058719136629592,-0.032955550458903374,0.34790162925294515
-0.11714378810493625,-0.03206594355685688,0.34382465355937175
-0.11721207680946444,-0.03541653765170429,0.3433549227963587
-0.11486502840043121,-0.029780652731801995,0.34655862992254544
-0.11397741382120029,-0.033070472504277394,0.3499130457384311
-0.11506860943697256,-0.04179645463259046,0.34933506969037514
-0.11518792022546273,-0.03838144425125987,0.34621178270224795
-0.11261353983828705,-0.024586503975439995,0.3423475095809945
-0.11322218521394387,-0.021492141992155253,0.34309254163162745
-0.11148154075126476,-0.007243327861483813,0.3533046469198314
-0.11159916998945942,-0.01073884881637963,0.34919120666097975
-0.11208211625273969,-0.013586482658034627,0.34746715901322517
-0.11419770346113223,-0.015578780543948562,0.3473348188844789
-0.11066322571702066,-0.0163030307494032,0.3478095951818401
-0.11383762038896955,-0.018547053593576848,0.3443140212039629
-0.1100579940816888,-0.019308783473967795,0.3471814246053215
-0.11185455540189702,-0.08288438861263102,0.32022326785415234
-0.1112001639992865,-0.08960775554819404,0.3170084292220841
-0.10958631641037059,-0.08590828741181988,0.3203839018308206
-0.10888089301701975,-0.09247278644865821,0.3122822835455234
-0.1072461063766809,-0.08882041195245274,0.32437253457661397
-0.10752689205021836,-0.09928330677187755,0.2671703815299144
-0.10606601717798211,-0.10606601717798216,0.22423011307593332
-0.10487463885506011,-0.10215836817272123,0.2639099709552349
-0.10889932378846953,-0.1031549188280136,0.2229324757447836
-0.10315491882801346,-0.10889932378846966,0.21971854227568652
-0.10202008108649345,-0.10496339494209811,0.2644315446448533
-0.10498059454315521,-0.09166991822643632,0.3237684445891067
-0.10627774001527544,-0.09546021892766846,0.31256911864762893
-0.1036130130626003,-0.09832006203937683,0.3105337679004012
-0.11985942843747384,-0.0637641098392158,0.32279028793834813
-0.11754565428971776,-0.06058354158420182,0.3249818570885264
-0.11552346156863923,-0.057633899219767644,0.32904440529738826
-0.11842489213569855,-0.07343648650977118,0.33502765013888675
-0.11826412226892286,-0.06689784236774753,0.324966454643618
-0.11627177650869548,-0.07013569380219269,0.3250336431800689
-0.11584975691486298,-0.0636861110528197,0.3312596042781136
-0.11622779770946645,-0.0767176261037903,0.33163071732298116
-0.11428471083942864,-0.07985958006808579,0.3331906393818204
-0.11450052369321848,-0.07321674974225277,0.32972509166183417
-0.11795017935648422,-0.051545202641920584,0.3219174773555941
-0.11705686150589095,-0.05448752036398577,0.3260394358205394
-0.11373973002082527,-0.06053159549972677,0.33167992391847506
-0.11213803376386651,-0.0576139713832179,0.32926056933354614
-0.11411674492218407,-0.052050503763876675,0.3246622130675871
-0.11402663299994982,-0.05536639071883498,0.3296951335854031
-0.10780999672381833,-0.08237746131441435,0.3132492909363298
-0.11026413896452995,-0.07943891984110994,0.33453680430737104
-0.10459204982426386,-0.0029227878461919447,0.3708079169626424
-0.1076138699814823,0.008702181534008794,0.3742781463533906
-0.10435987258835434,0.0140864745367642,0.38016992674625516
-0.10423020903195951,0.010182269126240264,0.37468980486316633
-0.10435125244078468,0.007301854193705232,0.37107864319715644
-0.10477721591988061,0.0038436882725364115,0.37092721346626245
-0.10503972971211718,9.18175859318076E-4,0.37145977420038806
-0.10227652694451754,-9.410787425883953E-4,0.36722988778101606
-0.10785051202786725,-0.008604273584005569,0.3588506315174534
-0.10835894926582455,-0.012906688519953179,0.3535623595363972
-0.10406672396860311,-0.010250410898288998,0.3696331419019056
-0.10379936480219272,-0.006285153673513719,0.3719508046674755
-0.11275274719214941,-0.04793854372183367,0.3279955218285822
-0.11028023526460896,-0.05410639536303716,0.3267688102301037
-0.11049197727229652,-0.050746939769103765,0.3294430343585165
-0.10973789708158864,-0.022693126736414337,0.34666370822403564
-0.111911782730138,-0.027890166195467418,0.34475887467656174
-0.11002601379960762,-0.02570004433747248,0.3481214329139595
-0.11117548090419302,-0.03078458374880863,0.347961213400948
-0.11324019832882636,-0.03594193725391133,0.34857660316311256
-0.11024536418871772,-0.03364090069519002,0.3451602483187981
-0.11282677379567776,-0.044646307700161154,0.3525336417976891
-0.1087174832852688,-0.04818399241360369,0.3397474362874737
-0.11105010044666364,-0.04206428175439681,0.3591572788709794
-0.11196544381169389,-0.03921994479040472,0.35333456853004375
-0.10818152728291847,-0.03987368278355875,0.33959937922811206
-0.10715557661174,-0.01685699903982958,0.3501817356262534
-0.10625038516222443,-0.020340171018707488,0.34575494117633726
-0.10367424213774357,-0.014002257519219704,0.36613082916585427
-0.10245438677693583,-0.01745865130101278,0.35902917914334925
-0.10573141033024978,-0.08517186288300214,0.3133915601380766
-0.10326330885013776,-0.08799155514062727,0.3150484566580434
-0.10227319502754008,-0.09445249016393854,0.32106181835047026
-0.11430624077328608,-0.06676657290291887,0.32965732202950887
-0.11226569456866375,-0.06990835138525889,0.31494795506974027
-0.11173601244887138,-0.06352709116600902,0.3304541916962072
-0.10896941753900526,-0.05730701048107888,0.3269894290400841
-0.10976022048922715,-0.06044563377251045,0.3281020664845731
-0.11220012683446687,-0.07639998425714703,0.3382176499644039
-0.11059418970457384,-0.07304971934824028,0.3237654177353107
-0.10815487841593821,-0.07597731127821618,0.32113335384115077
-0.10596763231061249,-0.05501649775022208,0.3291646385809535
-0.10621452828694002,-0.07895145166457031,0.3103788570015609
-0.10379080801213877,-0.08161680261342551,0.30870898007013925
-0.10252758753362207,-0.07848374095349668,0.3228765704866406
-0.10965313603385712,-0.04542927866867681,0.3535021220090726
-0.10721654039633481,-0.05161343566908772,0.33606158756890636
-0.10360341343344305,-0.05212747224079704,0.3334869738941552
-0.1047223260044384,-0.048860853721546006,0.33177459376784707
-0.10709438027315503,-0.042827952506987545,0.34105836609247625
-0.10614649888836905,-0.024654667232517205,0.3426992869735837
-0.10835698784758244,-0.028169920951561574,0.35094920340333075
-0.10215870323331631,-0.021495572166141643,0.3515741764892421
-0.10735551794366521,-0.03108659448395945,0.35311277140927017
-0.10943787628096296,-0.03658032450815891,0.33789366577523244
-0.10658437305790676,-0.034488184835749766,0.34711048269689865
-0.10646706884032964,-0.03744467514864442,0.3371615746302675
-0.10456121640123721,-0.039777547390842306,0.33737865432318
-0.10584671557696637,-0.045737889354495534,0.33641065905500117
-0.10181873032036237,-0.08442641391219981,0.3074772953641314
-0.10742987769906041,-0.06342027604210396,0.33124327371387824
-0.11030144930178173,-0.06656624316948008,0.32132151521646385
-0.10821135097342309,-0.06991938529292259,0.3163049020222349
-0.10610552101512662,-0.059027231732627174,0.3272495336538828
-0.10263668528427426,-0.05470502231140289,0.32850623784457794
-0.10382736878432705,-0.06193762372011138,0.32935990799833165
-0.10346885712789707,-0.05693926017168102,0.32540217957441425
-0.10236915995097383,-0.05961224280277647,0.3261111923302282
-0.10663510230360683,-0.07287178527294275,0.3166947178566
-0.10407468473041974,-0.07580424980567646,0.32085671237662344
-0.10312188139831722,-0.07298202447672937,0.314266378519508
-0.10187377778254694,-0.04585584757402099,0.338451711397112
-0.10286585298502851,-0.04276385447834298,0.34107434797506625
-0.1045191928705834,-0.028354238188998265,0.34336101123105806
-0.10334352137754951,-0.03162482419601676,0.3453705010414149
-0.10289834775340313,-0.03603810692714166,0.34628962025545823
-0.10342993500690419,-0.06547218187627413,0.3331372228638287
-0.10679796363102975,-0.06699514456350322,0.3352063520212491
-0.10389559005271733,-0.06990010385627055,0.31976933522816836
-0.10016816381830433,0.11165276063434054,0.3757035921732988
-0.09628574270562705,0.11019733227345069,0.38480496690389027
-0.09710794271727416,0.11432430826914546,0.38534475454482425
-0.09328870459063647,0.11271405604014714,0.39042240649320153
-0.09397649997539802,0.11691200730623873,0.386116657085066
-0.09019205143373554,0.11518620999445235,0.38819116097510503
-0.08947946645927271,0.11113750475145773,0.38936634288764554
-0.09077613227906482,0.11941395985584653,0.38600111694696954
-0.08700778827258088,0.11765048632240376,0.38335688346557745
-0.08750918686612413,0.12182833091703166,0.3753097151702563
-0.10106152852756015,0.10073510116722645,0.3759254187698869
-0.09827186828817776,0.10346411718802653,0.37066098055096836
-0.09922537911966069,0.10751045988033547,0.3744134333936302
-0.09246088684730973,0.10864903044432961,0.38447199685951144
-0.09540826815109707,0.10611782421079463,0.37514939831756206
-0.09439306253315949,0.10214104652577212,0.3717705280575006
-0.09163198122331304,0.10470098904922927,0.38056441628311277
-0.08878248007756054,0.10716511038505619,0.39205509820976286
-0.08590874683143611,0.1096443359247925,0.39050013286567303
-0.08650901325606572,0.11361115655968004,0.38260865094265
-0.08380279237383238,0.11993407792123467,0.3790707443008916
-0.08417805980435741,0.12415334972353356,0.3772569505030021
-0.08340089164386359,0.11591445741910468,0.380210854011642
-0.07382424470835115,0.1305755754084258,0.3847332049997396
-0.07733307857655329,0.12852857642513837,0.3822855879354992
-0.07377529383571924,0.12636720992412093,0.3859773214564841
-0.08078519423413567,0.12638731104249734,0.38011543556386806
-0.07718017074974141,0.12429972014711274,0.3834113189238329
-0.08051238748952194,0.1221576893937344,0.38147157084450706
-0.08025491411662022,0.11803214530695305,0.37833665703952857
-0.07701399071756629,0.12015959199107448,0.37782645485059474
-0.10107136664016696,0.09037814486619551,0.3826206027180626
-0.1008849521075388,0.0799566112839466,0.38277371113847747
-0.09968449399543207,0.08647371356076256,0.3827979818531238
-0.09722492620240723,0.08925358352651638,0.3848799455057183
-0.09932796465948027,0.07605399142189148,0.38577345588971396
-0.0986809655737631,0.08296889078839317,0.3845203109947444
-0.0978044765425047,0.07967377612477318,0.38688742002422666
-0.09494549087959504,0.08143285013787001,0.387754559424763
-0.10071208279549382,0.06300234879733775,0.3797021466523856
-0.09713923492709861,0.09948695530127528,0.3748274634257576
-0.09982250707408509,0.09681657188211809,0.3825501116723932
-0.0985804559245234,0.09300313115230763,0.3836627285495698
-0.09484535061238059,0.09189130550859487,0.38302817027224506
-0.0960586947253652,0.09558897796801566,0.3810319342643463
-0.09344213836235407,0.09816079387825018,0.37091522634868473
-0.09072938688391638,0.1007019376379493,0.3728278231920021
-0.09231641745639446,0.09429245125106187,0.37731875392046327
-0.08973246310188611,0.09673234135828568,0.3716132940603431
-0.08701392529455783,0.09924978434243702,0.38297463225044587
-0.0879658694808014,0.10319494251336774,0.3894717044953542
-0.08293237001815135,0.1117926001782286,0.3838796548363507
-0.08517110324970463,0.10563734931974966,0.3960125383397142
-0.08228686378997563,0.107740978042261,0.38738603798348614
-0.07665892923023963,0.116093456342699,0.38113964347190593
-0.07979682641570351,0.1139636225067693,0.38231337365807244
-0.07625379534537215,0.11210240230091881,0.3833343667629383
-0.07324484130673647,0.11424539849135494,0.38260983711257274
-0.07348986661491476,0.11819058010243942,0.37910737576337533
-0.0737258852431061,0.12228725969499783,0.37857956627760875
-0.10172376198917023,0.05435378060214407,0.3698594508254545
-0.1001584690176471,0.0684023561626774,0.3834478478621481
-0.0990243297928483,0.07187734349412288,0.3869310412294502
-0.09708630708632146,0.06830570697518508,0.3862072067812024
-0.0964083387752788,0.07368892664371265,0.3889557484933388
-0.09901413987366653,0.06538203444710798,0.3835421115019994
-0.09694575505812107,0.0620296049494565,0.3813555479911939
-0.09511627928661823,0.07718057955892282,0.38902274800227404
-0.0922358514764855,0.07902242261824166,0.38780434852292145
-0.0907262598874224,0.08214792498566575,0.38631058924971734
-0.09161353050413487,0.09041412614554932,0.3831959476933077
-0.09393736651525257,0.08844585315474507,0.3836247929275342
-0.09048486100080681,0.08637212812346123,0.38666496841096054
-0.09651789240126826,0.08539988685238904,0.3848178367989163
-0.09336589703656054,0.08504021121102592,0.38534090412811234
-0.08912211222688556,0.07848206543800054,0.3860912414456898
-0.08708401785845879,0.08052204402542057,0.3841806896115258
-0.09529658604096819,0.07064519150397205,0.38761903938770553
-0.09323754347545006,0.07350674795939932,0.39083641680596665
-0.09125151756021609,0.07576685819764255,0.3870475771817073
-0.08959880814720023,0.07213874352673498,0.3888541439994975
-0.1002136693521214,0.056912327842454306,0.3703720518795514
-0.09862535784074038,0.059577747191927814,0.37807094631766
-0.09475993242854792,0.05926523240844891,0.38157159301684035
-0.09830283918213752,0.05377571906616524,0.37046160634577857
-0.10064455865331945,0.04869654033547586,0.3785695431046159
-0.10032436748374494,0.05163793649825622,0.37232490883757813
-0.09935744006519713,0.042768674558071866,0.3855311739758947
-0.09804401506583468,0.04611228541738546,0.3771910742487005
-0.08677183774189069,0.0719477919173236,0.38795569343785186
-0.08775461931777659,0.06914592094559648,0.39090145816727667
-0.08787124279320357,0.08372462512908728,0.38391683714409874
-0.0862282556196398,0.08701310957181842,0.38552255804994123
-0.08859727719289803,0.08991407881086964,0.3845840253549534
-0.08437092778079514,0.10169034601020019,0.3973250058105777
-0.0838635407550535,0.0981268314743751,0.39108348920686903
-0.08908382058596633,0.09335421396774322,0.37686423067406144
-0.08669956340836361,0.09532244513958975,0.37495600836709325
-0.08551555523996433,0.09122626927265834,0.3774287588664808
-0.08366824785440624,0.09466799976498513,0.382063669656751
-0.083134933291857,0.08849551785048616,0.37979789404935765
-0.08129994404410999,0.09985711911538436,0.40021401013265795
-0.08160241128551383,0.1037388608767908,0.3978389791550028
-0.0784224387986177,0.1024461609123488,0.39231554815345393
-0.07831888689978198,0.09902273749741483,0.39866535936131736
-0.07927560387840349,0.1098857800547251,0.38146170671240803
-0.07874718518538083,0.10594701657829984,0.38424574614173373
-0.07584085350885034,0.10415532671775524,0.3802223173920876
-0.07582855597663961,0.1080768056947199,0.38251298149034824
-0.07289819784299184,0.11029622246248763,0.3866549647284278
-0.0727055155570889,0.10662163684221179,0.38627134543070213
-0.09153433658140649,0.06987649209076234,0.3910572552873069
-0.09346714973278845,0.06739713601959421,0.3873817020293711
-0.09525703326356638,0.06503656721059582,0.38476975470994207
-0.09410126561616601,0.06219495242789951,0.38185015417182905
-0.0907899886475438,0.060306580839031586,0.3811181703068702
-0.0897551269966851,0.06663116464214211,0.39056176899503864
-0.09190256564775677,0.06412376266617983,0.3857499523258286
-0.08768311890225763,0.07503465370166178,0.3858766249463503
-0.08472639176896672,0.08317608263949569,0.38338259541081193
-0.08351956812063463,0.07938293304764538,0.3841347416108052
-0.08253880811762725,0.08518694131013774,0.38336754055176003
-0.08136099412757102,0.08142317919381901,0.38456486688914565
-0.0791214327946031,0.0840228960464784,0.38130331452334487
-0.08438928776372538,0.07365726864713143,0.38472870710608253
-0.08371934838540054,0.06976313674526677,0.38744926382597017
-0.08567288976899969,0.07711933614206357,0.38368421010164294
-0.08195641196869935,0.07597749141566698,0.38443047173129896
-0.08044559974179614,0.07232607387815125,0.38365537626457663
-0.10166416676162494,0.03918121556287997,0.38395573632217816
-0.10075208992388812,0.02877492162537373,0.3707344749790888
-0.09645923679584473,0.05655914446850707,0.37618989629095795
-0.09404151575261253,0.05328724567504084,0.3759944868511101
-0.09245298228356053,0.05641588743270262,0.3803717842252287
-0.08825189597775228,0.056430901229395376,0.3797075625573094
-0.09670680647278354,0.03964765999033915,0.3863231880812416
-0.09453068746866032,0.043024622734623354,0.37873943484230704
-0.09678852682358527,0.05007147106403005,0.3707713020319771
-0.09378053814640541,0.046540269643487106,0.3724872511636765
-0.08931258734800517,0.052945447336827656,0.3813747962683368
-0.09183637466135298,0.0499158353127295,0.37515765538067364
-0.08589618743665156,0.06625238575927865,0.3898991194743821
-0.08785617355807857,0.06322959967577692,0.3870091324620966
-0.08586613541073018,0.059508967938249356,0.38350065448731696
-0.0814063965553428,0.06560504195025667,0.3866840444821685
-0.0849136989866973,0.05662616727289343,0.3811502264262403
-0.08067704079747341,0.09564081182309855,0.39541064536699766
-0.08133826122617248,0.09145939781807182,0.3814523258302519
-0.08008191320999404,0.08765967535892041,0.379509139286134
-0.07633657638182331,0.09581428394764945,0.39719969740106364
-0.07785826509714698,0.08948318012447118,0.3860957656234901
-0.07832624543645503,0.09276437871885972,0.3932892675896565
-0.07290358029785642,0.10317232281955335,0.3788817550206423
-0.0751575400573927,0.09991956602152229,0.3825489574628601
-0.07310987941846916,0.09697144491949956,0.38340448842759944
-0.0768154405903006,0.08597783482452377,0.3824832620715508
-0.07444966637478038,0.0879440079324518,0.3907833029010141
-0.07892869511563987,0.06843028412967647,0.3855416483329461
-0.0782505921611243,0.06543069365780466,0.38593977883297953
-0.07817652969721439,0.07509327847772695,0.384208275655866
-0.07580730407818255,0.07096509748892378,0.380699966027732
-0.07985050703823887,0.07834700967902568,0.38472500135391985
-0.07864242465707089,0.08105882022946614,0.3837662727332997
-0.0757710771826347,0.07838556527126216,0.38319991567660716
-0.07609140248997397,0.08233348674453472,0.3811127144495679
-0.07214468034692116,0.08061756834854535,0.3819705566191957
-0.08544571670225842,0.05401224487282876,0.3803652915152313
-0.09872406158914775,0.03257758936308655,0.3786058242446017
-0.09809206970326341,0.03613806730975148,0.38248963889237414
-0.09514618923339392,0.03701080597780763,0.38605958289467446
-0.09511032891007064,0.03438277454590188,0.38494830742550046
-0.09690960433727376,0.028812678762194226,0.37846222259351925
-0.0951749182553452,0.03144331980705191,0.38372528593460153
-0.09306353714985514,0.02914000721222243,0.38706416484446926
-0.09824993569550913,0.02276538269295489,0.3735178384564413
-0.09860411937689713,0.026207298929688216,0.3737137028962522
-0.09502049077805738,0.025510479159312732,0.37887025727435686
-0.09059284118198832,0.04713525228780995,0.37339379956064206
-0.09316670006057584,0.0390357464402112,0.38509030694136165
-0.09074803618812909,0.04456395220722003,0.3738462988845044
-0.09102814892251893,0.04150521774030483,0.3789858703439629
-0.0912462961371223,0.03275271572323061,0.3894391625662369
-0.09206605750108454,0.036049551816616426,0.3881395290553822
-0.08881292900952611,0.03864091848073719,0.3822048785955396
-0.08825312653849866,0.048913025233416806,0.3786496183695483
-0.08744334631068833,0.0459075149337,0.375825165857798
-0.08694737204809196,0.04229770352723908,0.3750165546016949
-0.08599820374268523,0.051097855366408214,0.38284485641029886
-0.08202292115686077,0.055058439350668564,0.3793180611358386
-0.08250649323177038,0.058151330380270566,0.3869700503011099
-0.08308811090424502,0.06235047111096898,0.3880379063272614
-0.07906153621205857,0.0629411068981247,0.3842691676071452
-0.07996938197994426,0.06009638127226751,0.3894087011366889
-0.0738422403878422,0.07400719322651131,0.3816918902168646
-0.07837213263238911,0.05685900259163179,0.3899133464888326
-0.07284188658030506,0.09360920670648282,0.3904978058525688
-0.07524660909042634,0.09183089022230377,0.3955078037187278
-0.07208524230070508,0.08972370708723149,0.3980166878836819
-0.07332545398131589,0.08440625089818637,0.3868586464169796
-0.0757997607355783,0.06009350056303467,0.38713303303761254
-0.07582021322190309,0.06674097284965953,0.38423900293951596
-0.07555370295613718,0.06355026729520563,0.38440815218369234
-0.07300985327669145,0.06839277246879044,0.3788017073853542
-0.07172709697913655,0.07109271026766442,0.37711756534108476
-0.0998429855825211,0.019109215551183965,0.38158229031813645
-0.10026947159639595,0.015225824944814101,0.3776370727474781
-0.09442886075027562,0.021370461065437142,0.3731596499897205
-0.09672125034345802,0.019371760395100468,0.3747667829890633
-0.09169295364778549,0.023489399025249283,0.38588281848048006
-0.1011137675783664,0.002245302135429725,0.36477382562924426
-0.10089982847208734,0.005636866464742923,0.3684846674210385
-0.10147931581733505,-0.011757088198695122,0.37416919937232057
-0.10016816381830429,-0.11165276063434058,0.22025150774852884
-0.09917971823740067,-0.1076734706799621,0.26492780857048975
-0.10090949953654876,-0.10110544813729458,0.31030283323117264
-0.09814804782428152,-0.10377463611570772,0.3114336846495829
-0.10108998975812407,-0.09083720267958119,0.31922903893714
-0.09963703868073069,-0.09733512061484323,0.31759280112696947
-0.09705843562072416,-0.09994597193179072,0.3190580765941759
-0.09142631804016668,0.026395889158987842,0.38905977767438515
-0.08882282707457795,0.02926937890434802,0.39209323040076566
-0.08875015036384834,0.02534247073404029,0.39207192736823177
-0.08900589172387394,0.022452622647026126,0.3925785561335873
-0.07863097195497827,0.05349939431829684,0.3779033671159538
-0.08186186216160246,0.05158638329241585,0.37878361920042986
-0.08836221694796362,0.035279527388501916,0.38708178560808476
-0.08605419986282041,0.03672817374719587,0.3830099897924911
-0.08658511787019432,0.03206725390671483,0.390363902502505
-0.08476652153715797,0.02943093266040935,0.39137480422461685
-0.08521946140553426,0.03914183394044051,0.3776316732324143
-0.08351270640618867,0.03645173187917415,0.37954973045096413
-0.08555154610746524,0.034814740212965656,0.3845234142391257
-0.08279787668999639,0.033070333518764844,0.3828829207256953
-0.08405314645254346,0.04806145607822468,0.3850222197222725
-0.08409152404395068,0.04462811291260502,0.37952217505840363
-0.08161150194121626,0.04583680754939866,0.3872757230534107
-0.08247968214319985,0.041552539292264525,0.37587657329285223
-0.08134489348391448,0.04394010428087917,0.384586787599978
-0.07468931379689034,0.05657540614292555,0.3895275178918134
-0.07616754471095559,0.054402962728000576,0.38285264212414344
-0.0760668355656983,0.05249769125496724,0.3766567790085694
-0.07754194393712988,0.05020777023179743,0.3780296163920742
-0.07166122433943543,0.05832383627060665,0.38700718687645375
-0.07239674858846032,0.06168380126992339,0.38184519819937596
-0.07179602436069105,0.06497789336426123,0.3807778033523209
-0.10118995301416284,-0.00318350830481117,0.36447860728318177
-0.10040841340637552,0.012019219745699687,0.37779547211107983
-0.10067412874519607,0.00869543409909764,0.3720868411348502
-0.09739242724484681,0.016979544791441356,0.3757070326531407
-0.09098063382773441,0.019981057633614917,0.3808678004321189
-0.08717369366536812,0.01973369814271637,0.3934785769536253
-0.09626104419371029,0.013702350713865344,0.3761815786042728
-0.09374534335078516,0.017260983932799654,0.37159871018132884
-0.09817615668518977,0.004305130790240959,0.36858825550692126
-0.09725628427833566,0.010152470610282351,0.3738426787665255
-0.09406793516492555,0.01140650878039292,0.3735963683320145
-0.09769144129708518,0.007231971874862978,0.3715071225289773
-0.09401623560717431,0.008658948675766304,0.3710925945047352
-0.09898646655110978,-5.852675306129811E-4,0.3652700154416965
-0.09778182441209617,0.0017274133177759196,0.3672180948129556
-0.08931938021399272,0.015295681768826449,0.37629180474951485
-0.10066935884983158,-0.008966658796267438,0.3751432979150824
-0.1000476879457034,-0.0059517209558578015,0.36519868823050883
-0.10005384680690654,-0.014137817313732853,0.3727636541968551
-0.09830269715854247,-0.011121559820901744,0.37473172238487557
-0.09665816661973912,-0.0074744478585269366,0.3593843677244575
-0.0989679295358705,-0.01990755777424309,0.36167120327422836
-0.10159767877711277,-0.025266516627533726,0.34490830076304047
-0.09863521126870321,-0.016752230893340637,0.36761574929573493
-0.09515802137323152,-0.017813123316346997,0.36795361822805767
-0.09710794271727408,-0.11432430826914552,0.2300679357252293
-0.09628811874678224,-0.11025251955543855,0.26543346239667626
-0.09532004538800651,-0.10637061874751734,0.31190812170627097
-0.09077613227906467,-0.11941395985584663,0.22634998597773606
-0.09012593119921784,-0.1153085174900945,0.2702699428268764
-0.09397649997539792,-0.11691200730623881,0.23083613630489141
-0.09321872542811684,-0.11282128275633434,0.27352153768887605
-0.09443339765492548,-0.10249455302480394,0.3230457079190419
-0.09983109512257696,-0.08135851610488244,0.3114037615425049
-0.09812340977342876,-0.0839423824846106,0.3057142857987916
-0.09921896099727429,-0.08709832514434925,0.3074971308621622
-0.0970447127902034,-0.08979190575192866,0.305809841873041
-0.09835734333000512,-0.09349430087348197,0.3093686367679827
-0.09584368679068601,-0.09615674695465859,0.306187229177504
-0.09443198044620961,-0.09226991392824843,0.3016591717258362
-0.09321353113976269,-0.09874430264119563,0.3129196726003134
-0.10029960291631253,-0.05654514681274804,0.3254645408157823
-0.09989242568730418,-0.07539492522937125,0.30988638771700033
-0.09902248641292044,-0.07844981009706238,0.310216934262835
-0.0956943217608507,-0.08066234571899786,0.3074856398472678
-0.09463009265580966,-0.0836861176526228,0.30780584813075895
-0.08556456697693673,0.023528153288419246,0.3903259695180212
-0.08608732596115815,0.026661596696504006,0.39112373375402143
-0.08471213358862596,0.01663778665437821,0.39277631371143745
-0.08394406722434634,0.020249738518222756,0.38750103232503363
-0.08121984392416415,0.01788398054151275,0.384651579396504
-0.07916210910845722,0.04529678590521391,0.38611182758963203
-0.0803498012487413,0.04817678359293889,0.3838818422502512
-0.07642321617585661,0.04746288321789814,0.3787434112497667
-0.07886570765880194,0.04197836057823926,0.38542168820012207
-0.08123402023035846,0.03886584045382894,0.3750224494265734
-0.07954424901084127,0.03575604262579444,0.37659526798946524
-0.07519374760909472,0.04444652522454885,0.3819329720661359
-0.08249901448565847,0.02612136822546706,0.39002305810280063
-0.08015838877350058,0.02964875606620228,0.380862757738261
-0.07882138082865695,0.032722069659158505,0.3783109980671651
-0.07379577169779698,0.053587179553102944,0.3839401644812181
-0.07385605702487068,0.050229940098973885,0.37563751935469336
-0.07214687183645078,0.04660838670390939,0.3729799387227333
-0.0969680092578927,-0.0034868622888782497,0.3635551419242789
-0.09270232022308866,0.013566488215958685,0.37202421440543676
-0.09485611253284368,0.005539724044808175,0.37204660477025947
-0.09589482916474537,2.6551691401479617E-6,0.3697627530699343
-0.09518373167596261,0.002891021047549458,0.3710683812852797
-0.09290329216078877,-0.0018640802483485715,0.3730900857298112
-0.09328981210098874,0.0011355012638653292,0.373372724202321
-0.09031795153979927,0.010468587723868232,0.3723722773918449
-0.09210793695745685,0.006631307962938621,0.371057276237369
-0.09202180814548971,0.0037121135318438263,0.3724438298864627
-0.08955911577472099,5.847896305598396E-4,0.37511183960288086
-0.08603222144778892,0.012628130187301133,0.3764230381586802
-0.08820887636979366,0.005621654153521383,0.3730244475942527
-0.08207267986896295,0.014156990617329385,0.3877751626965929
-0.09575443356404374,-0.013682844069435988,0.36953666724104245
-0.09231571020291508,-0.015202246521295955,0.35812877769814616
-0.09163766484960721,-0.011847182877839821,0.349676130524567
-0.09463613349201462,-0.010105153199360246,0.3573806568885942
-0.09332186168900648,-0.007759337723857698,0.3582765221905619
-0.09194562897896899,-0.00920852302894037,0.3561048597191504
-0.08517557870423462,0.0025741898017128334,0.3739731743348056
-0.0937184945052429,-0.005127924529649967,0.36603094290598404
-0.09024915551147271,-0.0035351747507884144,0.3763665515906571
-0.0908958974934628,-0.006693198627687743,0.3709128079199751
-0.0872562299902767,-0.005391819112486481,0.37345841809802255
-0.08886326776959128,-0.009559758696509768,0.36442264438439326
-0.08513888335371825,-0.007912725634120654,0.3734716672255928
-0.09988049654034131,-0.05263834464151087,0.33607155280033546
-0.10097657330058425,-0.04938884973686111,0.3365977980061919
-0.09908165724953447,-0.046900851696627784,0.34244232748217035
-0.09876994713268739,-0.04356690774283239,0.35113191963126894
-0.09987508266747659,-0.02853367818475845,0.3464028120841905
-0.09801688596096654,-0.024981915689185483,0.35396476534131954
-0.0964717113908599,-0.02188840106534908,0.3550657095827692
-0.09381834062709095,-0.02431807473659644,0.35014887818383217
-0.09946702618349883,-0.022751415133180884,0.3576755552007991
-0.10011946607348787,-0.03956872154598381,0.3497012322186941
-0.09968874103378102,-0.03257487688393324,0.3487497434206172
-0.09855223585050726,-0.03600256091636279,0.34813387015463415
-0.0967349225773095,-0.03819284415615598,0.3414699492628947
-0.09659954007733021,-0.03360656021318619,0.35371001986738937
-0.09625167775729475,-0.027522332639682026,0.3506196396944654
-0.09326124266737221,-0.028522747571016638,0.34621201692521747
-0.09641855405978385,-0.03058497225305723,0.35371373770785913
-0.08896721429622705,-0.013236064184650871,0.3495708563014382
-0.08957100992278029,-0.016732475880781424,0.35541342093326483
-0.09180947625145064,-0.01793004689537183,0.360074022044141
-0.09038429663347325,-0.01909778567407188,0.35751210943199674
-0.08960579532109028,-0.022292989198465007,0.35748442088669136
-0.08711445881940102,-0.01909327930917336,0.3578766991394122
-0.08935902610977896,-0.025839583687209178,0.353654311663076
-0.09264612595561433,-0.020399390875517513,0.35945449263384033
-0.08523175472386708,-0.01118184692916794,0.36917054364236984
-0.08609839588827281,-0.014833440370371292,0.3559026086803372
-0.08370603956297638,-0.017095316724346048,0.3584948632004538
-0.09251989760111329,-0.10889442452822337,0.31625641031669316
-0.09152066852895833,-0.10502753300190011,0.32054800215216644
-0.08750918686612409,-0.12182833091703167,0.22704442501171482
-0.08696745938783612,-0.11775602346414173,0.2664315835030239
-0.0864837884334859,-0.11374624366385418,0.31793311754151693
-0.08938918406792788,-0.1113828163619753,0.3168400915631466
-0.08417805980435734,-0.1241533497235336,0.2339946322433498
-0.08381472352947997,-0.12008397219961078,0.2763425891266775
-0.09068501239669988,-0.1012410765495426,0.31659225800398577
-0.09343146420182061,-0.08908433926402363,0.30647575786246023
-0.09524854569688247,-0.08665709560087628,0.3067918901172268
-0.09114896521031901,-0.08566827603599426,0.30967639695821353
-0.0914550362914672,-0.08139460746001138,0.3131477273277783
-0.08929758910474846,-0.09725114852918725,0.3018869758652829
-0.0919621247721831,-0.09486634687530467,0.300323787760756
-0.09048084567658216,-0.09169366337592097,0.30150904638114123
-0.08846361584960293,-0.09401353977085572,0.30022284976173214
-0.08991867484751505,-0.08862049266439245,0.31079507439747517
-0.0877324619722001,-0.10363652119511634,0.3215324280935418
-0.08676864240909651,-0.09976619883357486,0.308098457779939
-0.08534766128911779,-0.0963893593405574,0.3062032420336967
-0.10079047368136519,-0.06790946231779524,0.319025905790308
-0.09985440206608295,-0.07102833387989456,0.31562013635156644
-0.10084482562966009,-0.06251591377862743,0.32986366236194115
-0.09949971689962436,-0.06509336273306937,0.3309524625744223
-0.09718140633592848,-0.05570166705776866,0.3314061990430388
-0.09525711281549772,-0.05199529510660426,0.3375734761991182
-0.0985383463652524,-0.05915704662181579,0.3260005399290727
-0.09512024764057761,-0.05893914610899691,0.33071444821526114
-0.09339627609662905,-0.05524458497163588,0.3301967501842505
-0.09760226308949474,-0.06781229572813419,0.32539197079614635
-0.09581180969579044,-0.07041348359783688,0.32611801725390605
-0.09471600291006423,-0.06775200486102957,0.3235880342327601
-0.09699053564686336,-0.07326543143378003,0.31804931226264416
-0.09578811031590224,-0.07638268244002178,0.3150820451590611
-0.09291494939235793,-0.07830319985252093,0.3142481269362118
-0.07870653981579069,0.015740025285954737,0.3831565993745986
-0.07917796029410516,0.012043047505924656,0.3841019829730388
-0.08247227624845158,0.022731584465,0.38873430559825184
-0.08107788757974359,0.020903784660237436,0.38793648510062345
-0.07784865809980611,0.01985892807188327,0.3869124264993192
-0.07824955001293085,0.026782850660828635,0.37678638411838467
-0.07936885278167778,0.0235231203678036,0.3842060553526207
-0.07554342751957199,0.016863551110226794,0.387083555421663
-0.07578554829364462,0.023616370568862254,0.37829834339452667
-0.07351113581176727,0.01976597881248032,0.3839016562386374
-0.07484511841473625,0.041295442379656495,0.38482549758379425
-0.0766654049683155,0.038483653991050644,0.38141188969848394
-0.0761493073781356,0.030477480370352625,0.3777333390197803
-0.07534503645368609,0.03490828075884937,0.3815012769103348
-0.07169477296882706,0.0234586111914318,0.3736349812973581
-0.07244061524494583,0.038856353838266904,0.3837118869652704
-0.07366233948507793,0.027092657492536858,0.3743856271190576
-0.08264154509777402,0.010115440253718034,0.3748891371397654
-0.08589689950338303,0.008995256633220514,0.37137185588
-0.08652146124175297,-0.0018375422485671323,0.3714904778898771
-0.08411042617090767,0.006396342299039304,0.36913077416479784
-0.08124903437700513,0.003822518183974367,0.3678839551465814
-0.08104326631715353,0.00701253541212752,0.3706523945414155
-0.07936684304815249,0.008946004632133821,0.37497411516922147
-0.07541384877378791,0.013488760889620288,0.3807014003054196
-0.07609561363701993,0.009662979578995434,0.3769334488019456
-0.07773714960019831,0.005857350544603144,0.3740698271342668
-0.07799582894731848,0.001760550557928653,0.36623508471022986
-0.07456731664153214,0.0038323937471882986,0.37990346339400505
-0.08292090066922224,-0.004435049452960677,0.36645372766768214
-0.08212642799993002,9.183161104736825E-6,0.3644959172400735
-0.07951382326163832,-0.0020400069100025534,0.35942323453779723
-0.08169942432659043,-0.008932954599676109,0.3751604088341029
-0.07807920531379589,-0.005842073600382001,0.36085411088433655
-0.09735297080633942,-0.04917718647230458,0.3402085478085512
-0.09683091175929813,-0.046188217859027124,0.3469173899097774
-0.09630996293960721,-0.041232131017969895,0.3442875235030139
-0.09457258927687263,-0.038615039622303296,0.33831595364697303
-0.09485628287549477,-0.04384720896054236,0.3462355125475805
-0.08962693840317071,-0.02994497572124078,0.34452705881662565
-0.09306091473455272,-0.032748252891467974,0.35217031707163426
-0.0951178210760362,-0.03597097306319346,0.3498268943215331
-0.09253818003072903,-0.04079983835088863,0.3360022647342294
-0.09069314555522913,-0.044091019724606384,0.33725071304520465
-0.09350962364624946,-0.04774502148238579,0.34920347678994634
-0.08897157964151174,-0.047714660051876315,0.34160648665834703
-0.09117268932774136,-0.05153846675288067,0.34284540465663543
-0.08912930622544504,-0.05468211471102416,0.3239420337500218
-0.09158635991961253,-0.03698795530328282,0.35093520506500914
-0.08870088784271718,-0.03331097613428559,0.34148603187968046
-0.08606303087055217,-0.02739014213823512,0.356552141322614
-0.08539195297381068,-0.03085845082298929,0.3551782886513775
-0.0862334178069826,-0.02327398384797838,0.35609091955572497
-0.08307463487638903,-0.020509460211550794,0.35908013833843255
-0.0818893597421866,-0.013460558840771499,0.3742731933951457
-0.08023261293928644,-0.017600290412390373,0.35900129138977904
-0.08323978173421236,-0.11604220480335471,0.31798755364345727
-0.08878855274284159,-0.10748319004967397,0.32259438013728303
-0.08508506047260092,-0.10601601976011119,0.3155229762231024
-0.08566751703917717,-0.10977393459798501,0.3233706595393491
-0.08276956248399182,-0.11210789987046668,0.32018053868733315
-0.0807851942341356,-0.1263873110424974,0.23643008195907966
-0.08044247077043301,-0.12225685294594718,0.28475859788958974
-0.08196044174936318,-0.10823999103081793,0.3140461971011044
-0.07715639648446262,-0.12441022045779623,0.28294056261871753
-0.07733307857655321,-0.12852857642513843,0.23281795708130634
-0.08014663112122516,-0.11828313170187467,0.3207642595405686
-0.07957957540646379,-0.11430518203143546,0.32007282443497415
-0.0765628207665433,-0.11646907870343168,0.3153471290544357
-0.0896406108682148,-0.07782951482270252,0.3154193870460967
-0.08851521442818007,-0.08322283517626555,0.31153445184411077
-0.0876223406749629,-0.0800964292689922,0.31705381354641937
-0.08390661535017606,-0.10194541718507152,0.3133427746008115
-0.08119674051581983,-0.10433084541469959,0.30846463145902275
-0.07999175095258619,-0.1009337368058652,0.3106906711348066
-0.08585984639740049,-0.07704970538489923,0.3174795634256035
-0.08697374512162763,-0.08616343519251558,0.31131919082002657
-0.08644578196861773,-0.0904513454402633,0.3057693851669629
-0.08503315644826338,-0.09334921883717462,0.30407429198305547
-0.0813138816314288,-0.0950836122996397,0.309195773156789
-0.08388289663823835,-0.08785957316447755,0.31089477470426563
-0.08223537794458846,-0.09076887619808309,0.31081684574599416
-0.0832697599323376,-0.09864504727045381,0.31861303062332397
-0.07984111304901734,-0.09786972449864198,0.3115380242601304
-0.07382424470835104,-0.13057557540842585,0.23609467665100978
-0.07373114243017112,-0.12646337827626722,0.28260115888881043
-0.07367663736636504,-0.1224494513984427,0.3252024609824073
-0.09196707096636302,-0.07528650687297533,0.31644045003230187
-0.09551031826841956,-0.06499875238151613,0.3278834162037642
-0.09710786371685287,-0.06221330760463255,0.3264710447186994
-0.09327555325389361,-0.0618787624920529,0.32873500451374277
-0.09144040067056511,-0.058250009631904194,0.33729917013782634
-0.0881985750046544,-0.07442012250004525,0.32168010892791316
-0.09373963476235687,-0.07297588529200502,0.3251825479572601
-0.09159124222232719,-0.06543809455166556,0.328920631709404
-0.0921960265021924,-0.06967472590588358,0.32485841646932795
-0.08992110458823006,-0.07209003445096669,0.317980114181092
-0.08966538214639462,-0.06179419464350387,0.33392403588431513
-0.08807218230241222,-0.06437205125370733,0.3316474839491231
-0.0862278055669334,-0.07126136365470634,0.32178502665754155
-0.0855077666560475,-0.06166663384970643,0.32572635538199174
-0.07175226676247451,0.015723104498675866,0.3874816687140009
-0.07623675074074247,-0.0018066691865481488,0.3603240348765773
-0.0739312918170216,-0.008073124430730964,0.3528862216741829
-0.07353351401688583,-0.004318432029602249,0.36086568510287464
-0.07384887921484795,0.007475149384235436,0.37785701635084873
-0.07249132935645977,0.01136948754046162,0.37954634181449415
-0.07131710879699096,0.0015440229205519955,0.37657359965088777
-0.07464603619682872,7.761013689282166E-4,0.37781687962337435
-0.07329527365054697,-0.0012299921040661843,0.3741518030998578
-0.07798570557699955,-0.010442157801392661,0.3755865916283261
-0.0870870169357837,-0.05782683135690277,0.3237661386013276
-0.08417524739538987,-0.05863435895202821,0.33003597350451924
-0.08425911303813666,-0.05670714802799809,0.32977311635590373
-0.08286712258487669,-0.05755967170608525,0.33197467134230974
-0.08227964402976332,-0.06003963824272317,0.33063063930021347
-0.08180473775259477,-0.0640189024526687,0.32199753515176205
-0.08072939970000374,-0.057443021648721886,0.3343502035777152
-0.08898448223979476,-0.04037200093424395,0.34496563743865094
-0.08527621348078789,-0.03428958935491622,0.3448486493444988
-0.08714683852270431,-0.04404846319839941,0.34580448921376244
-0.08518356990459913,-0.04763049734776715,0.35274299897032685
-0.08722005568378276,-0.05134681893783409,0.3403643047779465
-0.08256475710347679,-0.05514071032945208,0.33244155688664856
-0.08550214856685455,-0.05479844629194693,0.32766184046376884
-0.07975205149239155,-0.053895542831943116,0.33279293200634236
-0.08716943663899017,-0.03715749975725458,0.3418652768252352
-0.0851478046985502,-0.04045414847054573,0.3460611627123526
-0.08309469606914112,-0.03701385560090756,0.3451923506210898
-0.08216440536141553,-0.028450923420758594,0.3582440359107211
-0.08265605059484908,-0.024640522921717697,0.35431893032086087
-0.0815856425393862,-0.032920259533907203,0.35924124142312763
-0.07838466675232916,-0.029708835526567258,0.35489881516524785
-0.07906142426451404,-0.025801980650615407,0.35161445107507516
-0.07967434370672058,-0.021731189468320766,0.3555131862588659
-0.07652845936906331,-0.018781175144392395,0.35597481539852643
-0.07741069472699681,-0.014735028901286576,0.37320839842253023
-0.0791895351450322,-0.11045154055846122,0.3163513263362909
-0.07678217505676609,-0.12044143481296941,0.33151130597629513
-0.07596906584538178,-0.11247434236744845,0.3148014248249222
-0.07823706735115418,-0.10642556392436762,0.3155180130548924
-0.07554500878267256,-0.10865228496753655,0.31452392967729886
-0.07298363390941982,-0.11457917966963173,0.3153532279996605
-0.07327663133798087,-0.11842209304388457,0.3277356708486821
-0.07780465032427415,-0.10301906670638843,0.3104323822626533
-0.07608524313346995,-0.0993059845123429,0.3091569434816365
-0.08522863885143589,-0.08256558853082395,0.3208508757200172
-0.08321347501263165,-0.08474622825392154,0.3133395630298726
-0.08382046877780688,-0.07924888361381342,0.3178203005650853
-0.08509187935069101,-0.07407356317908137,0.3234436544343856
-0.08215164470147575,-0.0714597752830832,0.3177122389267515
-0.08255345626001295,-0.07552974658128389,0.31648015003255026
-0.07709043897241402,-0.09511007359048752,0.3084933617440093
-0.07892183724621182,-0.09233366197074055,0.31262954406496407
-0.07389105064055101,-0.09641870790143607,0.31327493004138623
-0.07579351043053148,-0.09137980781337005,0.31740950747880786
-0.07355414748867839,-0.09328601991271196,0.3177510383748902
-0.08064124379043068,-0.08706989637883514,0.32083488117080444
-0.07840381198218478,-0.08915339697438562,0.31955174854102175
-0.08800892439556421,-0.0680552845986687,0.33000557807812153
-0.08390930560799549,-0.06792933047220276,0.32376686850129416
-0.08031345062225964,-0.06714137549408553,0.3232759360211796
-0.08568207415320064,-0.06539645211193885,0.3265831199556749
-0.07775041911097062,-0.06978847483577788,0.3250056698016828
-0.07724712356275114,-0.06677582667750961,0.3238345500890244
-0.07947544829143689,-0.06057723210182191,0.3321596081853358
-0.07827787332901037,-0.06395252535295375,0.3237748589100366
-0.07392505567660253,-0.012035370409583678,0.3547517183336501
-0.08315524397984246,-0.04395279915693195,0.34419969132399947
-0.08110416636667289,-0.04749852781497663,0.34767638740649964
-0.07888439132725716,-0.04373175716166938,0.3345873734024542
-0.07761230996172352,-0.05723869434335729,0.33948608193170227
-0.07650567783174618,-0.053623697658091725,0.3363660061052845
-0.07879838052461498,-0.05037762036363566,0.3397344876516953
-0.07680931918329759,-0.04683209208156488,0.3355310626402986
-0.08307780763419984,-0.05156291942544927,0.3511279604663616
-0.08106957943511527,-0.040338066747014865,0.3455193877074836
-0.07914631615218451,-0.03672887165486172,0.343331342686692
-0.07707742744250035,-0.03343251117158126,0.3522607326780227
-0.07690999799450067,-0.03994930942920765,0.34046982906434137
-0.07530795400676854,-0.036675005203910205,0.3432513376045947
-0.0742834380269766,-0.03074556510981947,0.3494643882839645
-0.07519599524693531,-0.02688375440191623,0.3492548777316458
-0.07312850922686101,-0.015810109529680184,0.3560563197764442
-0.07588229635899937,-0.022933082554681006,0.35368958831993585
-0.07249234798610173,-0.019998090903954244,0.35215110009616296
-0.07204728973888776,-0.02430115325795896,0.3558135576501809
-0.07138044889829041,-0.028156580594735515,0.35290635607458415
-0.0744477705331524,-0.10505234986876796,0.31171775367880183
-0.07443430887288346,-0.10197628794688024,0.30910273115377157
-0.07236325677034117,-0.110545490126387,0.31949033715316233
-0.07211853835459396,-0.10707352925008386,0.320927071185732
-0.07193060646362784,-0.09909289425924084,0.31275291527575616
-0.08164939729072355,-0.08139708463122587,0.3167679709863139
-0.07969044883384718,-0.08359320857002911,0.31413662013017785
-0.08029873504248283,-0.07777090504255432,0.31685115997676183
-0.07914239048672457,-0.07401030976733837,0.3213894659101186
-0.07655227281439966,-0.07647710280349161,0.31691875351267557
-0.07692387347923353,-0.08578606308071153,0.3181291149796816
-0.07809039086549485,-0.08038735431571388,0.314739279780174
-0.0766437790589215,-0.08295741394253613,0.3157456616149517
-0.0739221389989295,-0.08400330052901306,0.318584805884518
-0.07462919400946906,-0.08784773262345047,0.31900566877143716
-0.07411113457648853,-0.08000545901916023,0.3175335756869398
-0.07235098920833306,-0.08972775370642795,0.3235305548750802
-0.07491819296411578,-0.06780212550586816,0.3260563624839152
-0.0749230753564673,-0.07185958701445717,0.3359608827806314
-0.07268295386182158,-0.0751376238310841,0.3261736742641342
-0.0722451007095153,-0.06920502611258189,0.32593167069446993
-0.07496264414400433,-0.06436768875054012,0.32721320507539725
-0.07567738715649708,-0.06016960676161636,0.3413077990513954
-0.07152221238698539,-0.06514952335310484,0.33081075042858915
-0.07467752163405347,-0.0568260001848064,0.34433250878910604
-0.07289683111763699,-0.05880482567206595,0.34312700038937416
-0.0729333938589277,-0.05347800762775243,0.336836488361593
-0.07467022513267842,-0.05008786682020048,0.335269344550945
-0.07319534472466718,-0.039469600706369075,0.34353951824229273
-0.07459729009809643,-0.04323049942333662,0.3440875996029032
-0.07235192600783401,-0.046276996052661494,0.3465145057960474
-0.07169923783589505,-0.036124969966513404,0.3534227533889846
-0.07396009853703168,-0.033999297675915426,0.351432747053653
-0.07142521921077111,-0.08605920643295203,0.3251136858743903
-0.07255392396316196,-0.06140893400572285,0.34752030182710825
-0.0714863548214847,-0.05661241718527021,0.3383382778147746
-0.07032978507599179,0.12829230024014526,0.39009862256701616
-0.07026126610496855,0.13252680666690345,0.3823051188605188
-0.06685681559431987,0.1301490528506329,0.3883366863624654
-0.06664675595308556,0.1343808391138032,0.3781699844112277
-0.06328840280909541,0.13187038981607607,0.38419391795741403
-0.06298336523403979,0.13613631295064352,0.37170915948400635
-0.059677330659572064,0.1335921501808843,0.37858725260777404
-0.05927378077952333,0.13779194066454326,0.37488846181598484
-0.056058899141340775,0.13516515746375282,0.38332130403091363
-0.05552072330098715,0.1393465079725187,0.3733655115562695
-0.06351368789582663,0.1277378027204016,0.38426821510644654
-0.052415613377427776,0.13657483819347757,0.37880649568168695
-0.05172694539419562,0.14079887471207256,0.36756374136059894
-0.048632074503092725,0.13807935506432148,0.3760074948440417
-0.04789522952039705,0.14214797567742035,0.3704537405353537
-0.04937042430924876,0.13400945125700425,0.37384338859670296
-0.06699632575147152,0.12597858746695184,0.38512367451855734
-0.07039769189967517,0.12415212688441397,0.38335922356271496
-0.06359970770573885,0.12369712546366082,0.39028832489093196
-0.07029341340243002,0.12002951806531581,0.3860999493420733
-0.06029251630456298,0.12545764943420626,0.3879255179401822
-0.06048108322238768,0.1215023592655372,0.39073615876699125
-0.056559704892523856,0.13101554115587183,0.374684352210499
-0.060068907215400404,0.1295000923111611,0.380323211427322
-0.052938249552309954,0.13252572332474633,0.3797026673031018
-0.04992810446232032,0.1299957770795648,0.3812576157310276
-0.05691556922294095,0.12696229205824477,0.3831431510954894
-0.05342213856270328,0.12855077429675632,0.3789556709475917
-0.07018540822194123,0.11599152377346902,0.38184734694037026
-0.06696022061459235,0.12191574043435222,0.38651716042681167
-0.0637499458781659,0.11968889122370331,0.3863579381366382
-0.060533110934585466,0.11748438325656713,0.3858206495667961
-0.0670073661905987,0.11785063015122102,0.3856722166234166
-0.06990893696672015,0.11198050210970004,0.3853983945067068
-0.06368765473024166,0.11562765529221179,0.38590340753731356
-0.06684790216004503,0.11384291991289709,0.38416297766597857
-0.06999589320490404,0.10802027566475216,0.3879492116883945
-0.06687958386495461,0.11034765352761076,0.3868076885112575
-0.06413203955366989,0.11172930549695909,0.3873471765245666
-0.05720402048438172,0.12292491743416503,0.3850808237967906
-0.06074080688703276,0.11384031406919312,0.3866055294062282
-0.057825712223500886,0.1149302318543792,0.38522799403517266
-0.05740962113769716,0.11887714946704199,0.3892994839529785
-0.05383465348987942,0.12460457708708447,0.3823244819113154
-0.05046288902113034,0.12591971404940278,0.3787272019322765
-0.05081280497126659,0.1218283015210342,0.3860430435381082
-0.04813246333369196,0.11977044712734237,0.3871294530153809
-0.05168957275730413,0.11800208138258558,0.3874773612837142
-0.061287702552875446,0.1104759814209346,0.38640262515546886
-0.06391670487971438,0.10743935033935557,0.3866742201161436
-0.06715156246402638,0.10688461036445866,0.386380638157541
-0.06979179300374881,0.10379806283813091,0.3888100366828425
-0.0710018237956895,0.09971313336146417,0.3756724997621855
-0.07016857213835595,0.09579958167539583,0.38047837513058
-0.06775308765359933,0.09737615319283725,0.37536983573515076
-0.06781324655290583,0.10063971657284519,0.38476073829951696
-0.06555425839166538,0.10347160984374634,0.38452342264357814
-0.06484710309847172,0.0994184846248006,0.3845106937001739
-0.05975563716896707,0.10685027920037928,0.38433306949286733
-0.062212825464024665,0.10429101233189073,0.3829150333629846
-0.05815127719436416,0.11076737939358325,0.38355217251078483
-0.056534450934845736,0.10743431988332569,0.38367395638698804
-0.05388003761104241,0.1099906913933608,0.37961190623792046
-0.0551893068723771,0.11356848451284635,0.3842133795714855
-0.051922227072889425,0.11378881282003442,0.3876610711058715
-0.049026274283753384,0.11641435499580925,0.38819358455620184
-0.054544985126391964,0.11698463709936337,0.38789058890520584
-0.05413385051934223,0.12053519739641272,0.38414129694575433
-0.04787434693947627,0.11266208667268648,0.3866246037570114
-0.07110195408132654,0.0766374097600804,0.3806034023184402
-0.07069179293839811,0.07353400098394472,0.3801428887817678
-0.06708445925419099,0.09375546302343656,0.37891544042053127
-0.062294879300722014,0.10094383713877349,0.37919852060304465
-0.06193003001308142,0.09696645374029228,0.3808405363040475
-0.06447117668000521,0.0954648868138615,0.37841266172589066
-0.06112735303307335,0.09367954104459429,0.3799261682060882
-0.0709229546479391,0.08652734557248129,0.39550898955557634
-0.06953529255081428,0.08311426286119854,0.39387499079704114
-0.06957394211214575,0.09211199784207921,0.38835836965254683
-0.06671890124346373,0.09004057591372525,0.3849703605450094
-0.06945746459456757,0.0890587045944793,0.3944263704424921
-0.06773820520840755,0.07871312312482567,0.38764602756695105
-0.0681168382273344,0.07453539597702005,0.38209839527402917
-0.06824901963181605,0.07137099292139538,0.37962053677075785
-0.06432789439288979,0.07237191658930775,0.38481176540192374
-0.053746335558392304,0.1057738347475558,0.3799358389483159
-0.05054486305194027,0.11038824878948043,0.38158231663416164
-0.05100295417721807,0.10709197073388803,0.37647633841298345
-0.047902803521035084,0.1086430852333411,0.382461655927997
-0.05680565312405844,0.10415212965704251,0.3829255129165259
-0.05380397745425793,0.10189250530867529,0.37954613691027106
-0.059417676288752705,0.10280113767277808,0.3803434391051679
-0.05938218375050477,0.09600300590667693,0.3804528702962988
-0.06881917198554505,0.06786527916947585,0.37675112204044126
-0.0653114316898651,0.06905887589477074,0.3800574239050986
-0.06494259163874688,0.06571134027347258,0.38053055682051257
-0.07073067156758563,0.05535352881572514,0.3888749669101837
-0.0565331546838156,0.10044632433368908,0.37988376892125314
-0.059190979786933114,0.09902873958933053,0.37743570983092756
-0.063674699021985,0.09178063567313517,0.3781911512232799
-0.06540233936211137,0.08160581875377186,0.396500496984489
-0.06240246592979469,0.08078553392273594,0.39734307200332075
-0.06235111689991548,0.08383747656828364,0.3903167621738522
-0.053391651804138934,0.09813820935670993,0.38137218605434403
-0.05066483859980517,0.09973667998095428,0.38013917499627725
-0.06301111665628223,0.0879511405003319,0.38100321168704815
-0.058769312213816254,0.0855921501279361,0.3800640976972033
-0.06007527905390137,0.09017583635900732,0.3801282853539892
-0.05609386725145562,0.08814708062027304,0.38348144538483137
-0.057188758290739744,0.09282179474823303,0.38122288372835206
-0.056568999010095496,0.09674598333412479,0.37797748469482717
-0.0668884061260805,0.08605536034403737,0.39368353082671037
-0.06801127432945259,0.0579238299187696,0.3864142039957971
-0.06996761995283689,0.06042513971929021,0.3845688667269828
-0.0675114377865465,0.061283872806938276,0.38303448118751965
-0.06808318818104561,0.06431136387292287,0.37908194109583965
-0.06984987656290875,0.0623088174342454,0.3826409324001541
-0.05961184054714699,0.08145595828963142,0.3892948677308432
-0.06366449967079098,0.07853930707213906,0.3957841746931905
-0.0601858595630696,0.07847496081619414,0.39694804943439416
-0.0610677072076205,0.07493632029585325,0.393370016115225
-0.06518827641454829,0.07588663269481634,0.3873867431642196
-0.05612038117001944,0.07891488141827732,0.39052782995333374
-0.057457000261122146,0.07572004302532558,0.3959186845709128
-0.05483761260595418,0.07584192295332823,0.39681700178157775
-0.06386832680577019,0.059627370660247266,0.3826725200361358
-0.06434919469667745,0.06269999477153314,0.3814108208016708
-0.06134646141774945,0.06495917684717006,0.38348800664004357
-0.06067186211551325,0.07130698067601343,0.38794138594441324
-0.06306785555782551,0.06764063646441862,0.38226607138985247
-0.060629158806395994,0.0682415170302401,0.385076455952659
-0.06271555142249124,0.06946789620457451,0.38328479251909214
-0.05005600999672217,0.09621935864126971,0.38253255796325863
-0.05117300896634552,0.1031776094378561,0.3767183192039594
-0.04812696794461671,0.10491656348300313,0.3777608368638757
-0.04866786377598102,0.10187314985319397,0.37696294278573295
-0.06995066453852161,0.05236072645669056,0.38622036981074387
-0.06669801521406171,0.054135634026291866,0.3867237251692457
-0.0641891907478091,0.056441889857985386,0.3851733719723741
-0.06020911111658737,0.05713256356967216,0.3819453345037114
-0.06045470870819594,0.06101467478906642,0.3828270088363157
-0.05744645918170775,0.07236243753421706,0.39121023801717936
-0.056594163035090066,0.08248495926586813,0.3803100542468704
-0.05314796299208555,0.09427613221386097,0.378675753434959
-0.04928422761990384,0.09159370053554558,0.3782073123224134
-0.05295629888829686,0.09017726977351463,0.3831894910055476
-0.0547688342718007,0.08492180413993852,0.3800586954794228
-0.05043222591984444,0.08743924424451725,0.38311528482948615
-0.05328982819926006,0.087046129164157,0.3850098764290143
-0.051301194447479194,0.08449216371325885,0.38108460926766247
-0.05720251635979735,0.06941469537930636,0.388260017035254
-0.05704169722064512,0.06615379625511932,0.38762635720321365
-0.05772871362718844,0.06304110126913366,0.3859509213396882
-0.05259639914132444,0.08105596272588105,0.3743135399173609
-0.05257444198593972,0.07743577765243802,0.38402619258251036
-0.052883524828291346,0.07431245005830155,0.3958780811397844
-0.05538476496429184,0.07408023043712422,0.3933643960593498
-0.06996976625063271,0.049152395680174155,0.3809764199204166
-0.06787805228487417,0.046426593108229046,0.38130098812013274
-0.07104300799039796,0.04292501361854733,0.3719953602486305
-0.06993593095729632,0.03552328507548116,0.38606892849716307
-0.07120301947829655,0.03119058784688791,0.38465922633303334
-0.06758846194613176,0.0332130084297022,0.3837708514017027
-0.06591383730837974,0.035869204567310485,0.3782866396542451
-0.0669648161265857,0.03909404705269992,0.37354182290410126
-0.06602516343025917,0.05027948725521361,0.3881576029498093
-0.06550753671875865,0.04289434880398781,0.3788146276320483
-0.06372779901570212,0.040552943914745024,0.37710826508279677
-0.06237954547199536,0.04612525156794651,0.39118806812179713
-0.06240805812849069,0.0534292347988392,0.3827960865442946
-0.06049420823289344,0.04973423848540112,0.3817849576586427
-0.05894249594628599,0.04719077822595938,0.3840385833346515
-0.057052471466605935,0.052580212717573405,0.3815399535856167
-0.056530518147032735,0.04940238655744306,0.37701134980630896
-0.05369320614211824,0.050748304176384214,0.38207952311855187
-0.05345122794823682,0.053269186487614376,0.3836118738674276
-0.054761442934917144,0.05598194623504486,0.3844004839729957
-0.05630101639863906,0.05991990021282349,0.3851209010257337
-0.053941793941157515,0.07117429893247489,0.39030773521977696
-0.05347297854872514,0.06715014186502075,0.38777483557765907
-0.04936390493521503,0.07504110402932863,0.3785414190550547
-0.0492543362792397,0.07814984243115208,0.3723528139299876
-0.049042189496063746,0.08156875874858223,0.3748551568956558
-0.050234806719516426,0.05204538830069936,0.3811302872387077
-0.05081100160749092,0.0552748935569421,0.3852629641319744
-0.053678190494653874,0.06331504935930313,0.38845623854506195
-0.04962278146008802,0.07183109174793186,0.39171881194396857
-0.05061793909809976,0.06890884540383395,0.38957488263279944
-0.04945172351773297,0.06567062442973293,0.38831428706297694
-0.069892507205648,0.01952701022551929,0.3751520850835488
-0.07033860158989691,-0.12841716167783987,0.2833767866665014
-0.07026126610496855,-0.13252680666690345,0.23697377654703367
-0.06815979939472795,0.02297609232577662,0.3761524333900925
-0.05888948093787738,0.044707005114641464,0.3906821584992119
-0.06152593311080503,0.04303584056432666,0.3878923290583152
-0.06338618275646292,0.03807961444940318,0.3748709950304074
-0.06436670909288308,0.03286024604911985,0.38045544266329806
-0.06194982325909885,0.03495548363776797,0.37193819203958217
-0.06892207366115556,0.02681473097808899,0.3778044187432836
-0.0658564329220852,0.024770202842246705,0.37669591647506606
-0.06504117763288732,0.027628690768908462,0.3782497125121674
-0.06703297041617923,0.03022871837250591,0.38102625362049475
-0.06369651432871146,0.03012679126382328,0.38324003819569646
-0.062554156372033,0.02478056838259954,0.3797886235119785
-0.061341092623528395,0.027815839138518164,0.3801121102729416
-0.05560521884007701,0.0463093254656697,0.3802232321358821
-0.06063585678641839,0.031878495442781006,0.3682519767580664
-0.05761225293427719,0.028384428259862225,0.36855954271120744
-0.05777493429382489,0.04157702512971504,0.39234938745767606
-0.06024985376643367,0.03996883760863426,0.38623496880373925
-0.06023764868004509,0.037350687772363014,0.3825091009470852
-0.05586031295764411,0.04377866463202559,0.38905580365373826
-0.0507657220232999,0.04949534246117307,0.38259234685200155
-0.05296891707264973,0.047594924929697795,0.3796229199612851
-0.05774244883734335,0.034584826412427064,0.38370405923950546
-0.056672550943103604,0.03845763250659561,0.3932791227720783
-0.054400420268460606,0.03609341478034811,0.3920229128916674
-0.05113372004653604,0.05838652746943548,0.38966582982470677
-0.04791575650245649,0.05630705500618122,0.3823237388838143
-0.04841320707617929,0.061671057613885465,0.38415570777389235
-0.0523547969757804,0.04425147466122948,0.37820672981711156
-0.04896400283832412,0.04632269464015397,0.3823832518057135
-0.07024731591479053,0.005526695658950047,0.3774652044106725
-0.06830064672237225,0.012294823751016069,0.38191721662395295
-0.0704642619278231,0.008787283795685965,0.3774829637541595
-0.0647288024169889,0.02179665434823509,0.37639979504500465
-0.06742449009444575,0.016727185182601405,0.37019321301271796
-0.06680115012329073,0.019823211063094596,0.37353863789486036
-0.06427362120771389,0.014641352473473746,0.36286239016554717
-0.06388698328541946,0.018244792384237735,0.37101811848161376
-0.0702388007318765,-0.12436192478170567,0.32334270934940673
-0.07020790122966591,-0.12035759564204232,0.32818319407999846
-0.06664675595308556,-0.1343808391138032,0.2414267958526185
-0.06298336523403969,-0.13613631295064357,0.2427909471925345
-0.0632854822821848,-0.13203970677576482,0.2745040586615344
-0.06676032361272198,-0.1302352450197058,0.2777770933341355
-0.06681076770232512,-0.12220133380228852,0.32530716683643646
-0.06694788678847226,-0.12619164101993663,0.31902783812910446
-0.06331079624124379,-0.12802095762620358,0.3193691032685027
-0.0596324968893708,-0.1337027737700878,0.2804696687552142
-0.05927378077952329,-0.13779194066454328,0.2489925762449989
-0.05552072330098712,-0.13934650797251874,0.25195206860920794
-0.05604067750400927,-0.1352941636747561,0.2838392417194085
-0.06056759943896317,0.020513789736322664,0.38205435168967317
-0.05803860743523646,0.024813830937068574,0.38006447961740886
-0.06028241157719155,0.015967077044307998,0.3747587117261138
-0.06172829609382187,0.012425221697503616,0.36184958028528585
-0.054012174379868896,0.03335165912827903,0.38555903631935157
-0.055893434856131394,0.03135371877895832,0.3806843563911173
-0.054671082489860044,0.029016174306669848,0.3779962917595276
-0.054851395132091516,0.02648307333288436,0.36938943896430904
-0.05464262526493738,0.023790913428111217,0.3724992973030089
-0.05630777343293278,0.02134557890763132,0.3860069490993356
-0.05366727617141882,0.040914977066987206,0.3927746738166951
-0.05348379219512577,0.03803880877590817,0.39393303487902426
-0.05049723250334574,0.03877493935891765,0.3899960845868375
-0.05029926897692936,0.041431009081150334,0.38086120051675765
-0.05146537504701229,0.03578688073053511,0.3892673406680647
-0.05026657334533735,0.03312329508429109,0.38133668302212836
-0.04889336736346493,0.04335329613796627,0.37676482194603866
-0.07077350207107905,-0.005831952126510302,0.3705554505085314
-0.07051425863838115,-0.009405835478447679,0.35488120282543306
-0.06718768759268147,-0.00691490716535349,0.3830839527474467
-0.07041142143556002,-0.002245913956334725,0.37507739985533967
-0.06744646428860858,-0.003745620330851203,0.37260427503512344
-0.06732552834282851,-9.931376328113117E-5,0.3637649808530407
-0.06682979088470797,0.007888143531887522,0.3746389822966308
-0.06443939170349203,0.010819843991814971,0.36802311058474424
-0.06737085037976041,0.0034874895769597815,0.3714607600276216
-0.0639136238492249,0.0054718998989763965,0.3682714966945277
-0.06335695942773586,0.008245096440373835,0.3659701972033138
-0.06074822778276538,0.006832980634700519,0.3618683170416545
-0.05812893649490511,0.0119297043551626,0.373567607179029
-0.061155567173196916,0.009918535426547017,0.3599933070445435
-0.052668755872914676,0.021561771487557245,0.37484665155347213
-0.05611874037125969,0.015270323197426678,0.3821996196448408
-0.057461963709059774,0.01825356714442043,0.3852376012750415
-0.0699287475379239,-0.012930406750596625,0.3467250579154331
-0.06888511843120526,-0.016986578263044335,0.35006039483606216
-0.06888222219197013,-0.021584623225845447,0.3485774901090495
-0.06852482164920552,-0.0256733982339002,0.3541573590330749
-0.06982516037691953,-0.11644514631812489,0.3205195728578311
-0.06947376208137415,-0.11252212426839328,0.31648074848356095
-0.06689110205749534,-0.1183480620920546,0.32133777211387965
-0.07072780984808469,-0.09524134005976388,0.31644628787383716
-0.0701917315802301,-0.09169772488767358,0.3230425126703808
-0.0689415030070149,-0.08834428761535833,0.32493055086414874
-0.06631024400004847,-0.11422876002870021,0.31805440776159505
-0.051726945394195506,-0.14079887471207259,0.25438116212388207
-0.05231882283129785,-0.13672359295422265,0.2847484286042676
-0.06339805959321433,-0.11997980560301931,0.31625304984885755
-0.052836230479505884,-0.13270592901579653,0.31202264672179597
-0.05637786760090593,-0.13119089250297006,0.314891689287157
-0.060024128049879,-0.12968644697603102,0.3142434652650588
-0.06005102019791143,-0.12564830446481448,0.33531788986140176
-0.06362388469907974,-0.12400949001133507,0.3331189695506969
-0.06030613210771004,-0.12176887088679607,0.3283492208354896
-0.04789522952039693,-0.14214797567742038,0.25538264179768466
-0.04860467456865537,-0.13808484279740207,0.2882405714775019
-0.07074420310910304,-0.07200036759102742,0.32406057759520374
-0.05416582540894024,0.018362544571434086,0.38350355869776737
-0.05122524532423535,0.025363886449146122,0.3733552171259542
-0.05255022332758721,0.030901635815652525,0.37678779469199825
-0.049198254531337055,0.02908767601050603,0.36643104769780904
-0.05261312475166675,0.02824862842471797,0.37590626222395307
-0.04856184285789415,0.021932938605170003,0.3748231122926648
-0.06547708078762673,-0.019620683924391657,0.35249261929898473
-0.06652801549821329,-0.013579926449065305,0.35206826152526854
-0.06506474489571833,-0.016270453963244336,0.35435692630744775
-0.06260835150021027,-0.01393038433885375,0.35460917405255715
-0.06718940262557332,-0.010700516223547566,0.3624877647182138
-0.06361586715984102,-0.011083133814084356,0.36129981766802133
-0.06360002063954372,-0.0050311459757744,0.36024221214601543
-0.0647056784990893,-0.008582142284375536,0.37229410295496596
-0.06181257961023134,-0.008310748422238775,0.3551360496395101
-0.05866444324357226,0.008679325889940422,0.36229595103693135
-0.06389683236497629,-0.0016435412704600622,0.3585805505250723
-0.06393120816978644,0.001940428772482271,0.36725651328392356
-0.060462634967027216,0.003915927172281094,0.360825624362803
-0.06027938875870328,-0.0030612859490884506,0.3596995964880541
-0.060465677230218916,3.759450259628281E-4,0.3631590566515368
-0.0570686563140458,0.002378346063417034,0.3553491910246045
-0.05747631583910935,0.00615921216379477,0.3579603168763735
-0.05455815735010779,0.012317202434185078,0.37838799769780124
-0.05500829426043515,0.00900714260030788,0.37158463897478017
-0.05232697682070179,0.011049381961088657,0.3742048796045828
-0.05197962456885715,0.014648196582968438,0.3787085804127846
-0.05021576724643998,0.01846858511463333,0.37923878360694246
-0.04779162092883374,0.015053412394614427,0.3810639827541183
-0.05936090170160148,-0.011169278897039562,0.3503193415183357
-0.07006941710208285,-0.038427407552583864,0.3484299360626269
-0.07011011401769182,-0.03217220890896387,0.35224810528572803
-0.06828989515364321,-0.03541171714305811,0.352135891706489
-0.06819305582748819,-0.028779946216641754,0.3494680159248607
-0.06500219218281025,-0.023308371292363367,0.34707958305601755
-0.06511156162410128,-0.03202814245022538,0.3488358122739631
-0.06487730345724557,-0.027164511025557475,0.3491196438433502
-0.07053277396044053,-0.10332756619549315,0.31323439899099587
-0.06846401202806301,-0.10031185335221421,0.31823690656608355
-0.0662654302233902,-0.11078933097054006,0.32750962330939926
-0.06861467416203212,-0.10892037385077057,0.3299654778031085
-0.06880802311684542,-0.10594991335667778,0.32249678675813254
-0.06493997391742734,-0.10689499625140207,0.31721506707122965
-0.06347068591387474,-0.11615117978631584,0.3155316657941773
-0.06830314123245763,-0.09709516474130293,0.319399691170412
-0.06721775042235575,-0.093624420360426,0.3265772957279289
-0.06724727717855415,-0.09074682844153191,0.3291817298628312
-0.0688183758540718,-0.06817593625660263,0.3283323427758837
-0.0675454022067535,-0.07191427709454966,0.3248384428077244
-0.06965723072550882,-0.07468840665971274,0.3225393577810754
-0.06998200487580317,-0.07793081222487983,0.3221792565324843
-0.07064814854843487,-0.08207645876552702,0.3207894105460219
-0.0666552418797832,-0.07953478226318196,0.322146287686138
-0.06780640799957786,-0.08425919708448484,0.3211239240105193
-0.06504124271892892,-0.08751794144763603,0.3187768488941432
-0.06266306704282,-0.11245518219696073,0.3213381133285274
-0.06297515666701126,-0.10939673990735231,0.3216109566310655
-0.05998731638082967,-0.11761415126174843,0.314977001878598
-0.04918177355683824,-0.134130535269477,0.3160182394600666
-0.04976650089382639,-0.13016278931089403,0.32433885956617686
-0.05679068963324713,-0.12729434346421978,0.3299195987076086
-0.05694551716525092,-0.11936193443807429,0.32285520669704554
-0.056788728498563916,-0.1232488572592911,0.33022059783760477
-0.053178453412102825,-0.1287131595154926,0.3268793482570906
-0.053611107835095394,-0.12491142839716492,0.32815672328830686
-0.07100554034766568,-0.05921561783651446,0.3405059421258758
-0.06786766297457733,-0.06439073941301102,0.333856984255388
-0.06542089604481034,-0.06880936899524889,0.33054209058112255
-0.06595194735239347,-0.06639177235631066,0.33439104895499133
-0.06490693462487665,-0.06413191594538406,0.3276096122066776
-0.06410055891003968,-0.06655476695011009,0.3330338448502269
-0.06912460288440307,-0.06137379592104306,0.3420669203718952
-0.06924737087461696,-0.05342074142277509,0.33465556637534405
-0.06819778895153804,-0.05782539666393922,0.3383700307686119
-0.06605303714199962,-0.05425934969719197,0.33686462208041285
-0.061580127338059,-0.06483288279090096,0.3300337339687945
-0.06618664477278424,-0.060887172725510245,0.3326596568288665
-0.06297646939198999,-0.06051400796774495,0.3289560181189272
-0.06415287666516346,-0.0572574744694767,0.33372963543962625
-0.06300494927790923,-0.05320758662246218,0.33450396891006734
-0.07061054858632247,-0.05003228056750034,0.3459598452344043
-0.06610897390272398,-0.05023267125668744,0.3383952590216767
-0.05688355477949927,-0.0010990931499442382,0.35566227173183
-0.06029783549700578,-0.005927268188959793,0.3547378392593189
-0.05898899104403736,-0.007804611887713627,0.3515537139179756
-0.05713985640684561,-0.005130803280584196,0.3551126694614259
-0.06159175550512951,-0.02067595813116728,0.3573102827370153
-0.05894357127643812,-0.01493947703115606,0.3539132589630119
-0.062156856616849894,-0.017550279866360128,0.35651401455662324
-0.04913124667584036,0.011525725706123445,0.376188486339422
-0.050785775776568086,0.007468117551749181,0.3733954804460705
-0.05383883075489578,0.0049781728435573745,0.36562885223301844
-0.05352173399614302,8.878530345732685E-4,0.3599784111166037
-0.0534188884900031,-0.0029536904085608884,0.3564535174426325
-0.05598715586372808,-0.00894144207812208,0.35441687469504995
-0.0531153928215419,-0.006620111332086943,0.3556721605767637
-0.05561090176571079,-0.012602870363690911,0.356266930462582
-0.052505769914447754,-0.010319460504628054,0.3580397405837874
-0.06992242194214901,-0.04215514915699137,0.3449545147752301
-0.06822568331316825,-0.046006596520749975,0.3505609024160657
-0.0655663493487323,-0.042239008747572866,0.3498847530377838
-0.0670381729918348,-0.03921590408768791,0.34617895479742816
-0.06467555357551999,-0.04616530443078985,0.34682945467246157
-0.06362895302701645,-0.03893219028289935,0.3439990824821253
-0.0621820045575664,-0.041297811815719274,0.3487889359201667
-0.06512540073777502,-0.036347219289186584,0.345269262433081
-0.061064109407096695,-0.02502547030090658,0.348617175422198
-0.061989723342557125,-0.03540207330783683,0.3466567536166754
-0.059948972724503634,-0.038932944048089474,0.34717911534493495
-0.058033983359671595,-0.03474730575327078,0.3469401345014403
-0.06019037191361278,-0.031891542685428265,0.3482684783441523
-0.057757554253278685,-0.02788221511624174,0.3544239147100212
-0.0566436554152521,-0.02454231672800728,0.3562706903198714
-0.061779081754604594,-0.02871394063341071,0.34458299233001305
-0.056043911610291035,-0.031478720940755114,0.3592297237547995
-0.0544785458643144,-0.02862334375973171,0.3553915173588443
-0.06634305035311666,-0.10286172910772724,0.3183623080442631
-0.0630442190563618,-0.10382271070159557,0.3191329761249113
-0.0630504019872411,-0.1006433144573655,0.320823636386373
-0.06442492293982563,-0.0914994557519829,0.3291603707666431
-0.06484564857880971,-0.09531478785287498,0.3266673548363834
-0.06545881021971814,-0.09900522217664932,0.3208261977081785
-0.06076944370996259,-0.10628366994935462,0.3351668916631632
-0.06018632431841941,-0.11426213278620004,0.3249813767801644
-0.06170927794335396,-0.09324873009597985,0.328300678720956
-0.062338404963095485,-0.09705734800830369,0.3238220238320968
-0.06207172998943831,-0.0684919934104413,0.33208542076818576
-0.06414835220453553,-0.07240252800735504,0.32946251839764235
-0.0671060394043471,-0.07558718958542272,0.32661336122053514
-0.06432214905533812,-0.07662548041930879,0.326030519978127
-0.06254353955644092,-0.07923853513906826,0.3246945555148335
-0.0610856028674624,-0.07522366704342841,0.3340703723050619
-0.06052899008368954,-0.07142251841748748,0.33315336867770284
-0.06408365632798155,-0.08256502071152357,0.3206289766279849
-0.06116256190055164,-0.08503688609177226,0.3363717035117007
-0.061383810449245374,-0.08923288999853185,0.32942016241325783
-0.058976919963662056,-0.1102823406399676,0.3312996291068802
-0.057235916786286485,-0.10711085426050379,0.33700290934744015
-0.057437936307103116,-0.10395791897630399,0.3200922055159788
-0.05345705368822819,-0.12072927139378704,0.32867546481159726
-0.05003906030650862,-0.12626187285330406,0.32730278142936386
-0.056472089838557706,-0.11569551694852576,0.32297647942756363
-0.056977601233576085,-0.11277951110527219,0.3256106248611207
-0.053848947813500164,-0.1173127671602989,0.3261264358039883
-0.05006157245392012,-0.11865108772744445,0.32617702523439857
-0.05445439427709309,-0.10563309787857754,0.32429075241518884
-0.05039191923262899,-0.12226226650327487,0.3326378349806692
-0.05922408751997747,-0.06770562376741217,0.33286107636135637
-0.05754315872905426,-0.07083725583762478,0.33118194064146816
-0.056085033195604796,-0.06698919518576983,0.3319788518802864
-0.05980690174076483,-0.06104644828611765,0.3331807830346147
-0.057629638808159175,-0.06372645094253855,0.33203091623775244
-0.06227200015978255,-0.04433770798257664,0.3450595172641365
-0.06008494574896921,-0.04218779231216308,0.34651224797403435
-0.05731755839695009,-0.041588594485669386,0.34365734642810447
-0.06150957486509219,-0.04833088710793783,0.3307564363367074
-0.05783076980110011,-0.047997921099507394,0.33428306995327467
-0.05890239011819371,-0.04472613394250204,0.33579154329223226
-0.06019785946063367,-0.05712196613000425,0.33464486689438294
-0.0592074873914128,-0.0517254130952053,0.3380829365809534
-0.056107610554303126,-0.05056034598532621,0.3342343261161077
-0.05500068798605945,-0.016562439932683512,0.3584009080095459
-0.05833082865301895,-0.0216056607859015,0.3594392292313236
-0.058539167072124004,-0.018196642022877258,0.3576081326635769
-0.05609466477813818,-0.019860899388637308,0.3597613324192191
-0.049945407474614886,0.003032687897212405,0.37357744275338695
-0.04984015467177639,-7.201357623024194E-4,0.3674688627402014
-0.04952323043666222,-0.004497988499719377,0.3586726885959275
-0.049173053226559814,-0.007987299918890009,0.3550101822507155
-0.048792373038804696,-0.011670872808753893,0.3567589821580404
-0.05200944718035315,-0.013944806313349154,0.35817823220295736
-0.05156665414309092,-0.016970647047548852,0.36175050994096664
-0.055504315667248845,-0.0542963816007726,0.32252975404724854
-0.04852021256439996,-0.015622204214999293,0.3573142704881501
-0.055865734315807485,-0.037999205557485725,0.3448510252437261
-0.05608746703905827,-0.04469157521215332,0.33999276992628213
-0.05361030940752089,-0.05094126792669736,0.32974324113115805
-0.05469198376921057,-0.04728903330907807,0.3347011106457615
-0.052153897203898625,-0.047942453476570376,0.3348330654530995
-0.05487042806093626,-0.026264985147006314,0.35712739547900757
-0.05544270793277211,-0.021986299687760103,0.3587626635259602
-0.05338177786386646,-0.023590110833948623,0.35929258149811144
-0.05290908666527598,-0.020062312024789072,0.36402220289514575
-0.04986882819531839,-0.018658163197496514,0.36402657883615624
-0.04925892684975149,-0.022445988261433528,0.36390720999285175
-0.0543585417554084,-0.034074047979098,0.3515315538600343
-0.0514364948365853,-0.026907405049472283,0.35685868051215053
-0.052379316118156244,-0.030728000509378815,0.34934053422337424
-0.04884746222949903,-0.029516249654719943,0.35732004939941303
-0.052287406220002455,-0.04435305291189847,0.3421531703902926
-0.05402512070235011,-0.041277699565318654,0.3432562970126489
-0.05767882771836625,-0.0863172434965821,0.33983774161072583
-0.06000359216894263,-0.10234810992127677,0.32100819385798324
-0.059845492237768895,-0.09884323509466468,0.3225380512113008
-0.05666883373004839,-0.1002760271564075,0.32208120530313383
-0.058965185141989805,-0.09533842090616305,0.3266812729112228
-0.05702859296143423,-0.09755472340050726,0.3263935385268924
-0.058312355384577984,-0.09109293956460535,0.32792878406810533
-0.05412805115593332,-0.10183612771695777,0.332229387206312
-0.058581345645534216,-0.08239789631431199,0.3263942885985567
-0.06120072536389935,-0.08181589816120881,0.324355402790483
-0.0594473392282386,-0.07889497357347153,0.32886173613356245
-0.05840652243834973,-0.07313286240670284,0.33260665155827895
-0.05764324248807202,-0.07561147794693662,0.33390055033990546
-0.055882226733246686,-0.07892680433022597,0.3292507384813356
-0.05656290790247989,-0.07315240159610104,0.3343489727051617
-0.05417350705840537,-0.07102557792025205,0.33603317857223447
-0.055680034383042594,-0.08311453840492015,0.3374000209753885
-0.053630384702564544,-0.08547132778726363,0.34189444404698915
-0.05261280194897785,-0.08136559085669318,0.3319481658436792
-0.05474346419493822,-0.10950248883989473,0.33468795951724556
-0.05301215920489702,-0.11327396651122723,0.3258342386116431
-0.0514363462106932,-0.11004888663381131,0.3281906150946669
-0.051478845009452844,-0.10325054612514781,0.3366114522305022
-0.05178377862179644,-0.10693924865529592,0.32343857382861724
-0.050711652326906304,-0.11558331454381754,0.3263888799833918
-0.05288409686794147,-0.06717848388274628,0.33967669886419793
-0.05683078324079769,-0.05947522852728291,0.3322171705615434
-0.05373663595901053,-0.06319923873141119,0.334491561187367
-0.05009711652583205,-0.06526888598305244,0.3350233740906831
-0.053024273901925184,-0.0577334868442969,0.32980735059783667
-0.04930469613145002,-0.059986853954393356,0.3319382541903328
-0.04896089973358213,-0.04653693649326067,0.3376327661512902
-0.04892233646921695,-0.043018852781641685,0.34249954228367335
-0.052291409425709603,-0.05381288556030432,0.3246308342858708
-0.05042056057954943,-0.05030785791618449,0.33324645210766257
-0.05030044395529147,-0.056300280620655056,0.3338466933925464
-0.049237630281347124,-0.05302027418275618,0.335459696839338
-0.05237004861298657,-0.03762659618745412,0.3460391427050991
-0.05081006314697041,-0.040749495726345814,0.34613669178201073
-0.048591055564102106,-0.03701966085859735,0.34365407614923477
-0.05041050987679899,-0.03336235444348501,0.34619245725555703
-0.054802520566729455,-0.08898867569473905,0.34836534386074475
-0.05399657528420568,-0.09801870029018034,0.34450453992405694
-0.05518319057762494,-0.09401948031520735,0.32521737655375843
-0.05197633401006027,-0.087939010725097,0.3444188233309669
-0.05060626337611819,-0.0849031564120517,0.3334824439276783
-0.049329924963630076,-0.08826875633235032,0.33481257255927677
-0.051174720887531874,-0.09938627237432568,0.35522159513874446
-0.05139157484518847,-0.09543955878925099,0.3387677746094661
-0.05159965778003496,-0.09120750872248735,0.3469748279551492
-0.05434203085925471,-0.07470912153869565,0.3380826853545355
-0.05246144321617803,-0.07752914287878879,0.3359286554158671
-0.05044082045824313,-0.06956033204219954,0.34364927955775876
-0.05158011967173943,-0.07368766962742063,0.34176342670371834
-0.04915609114880405,-0.08144274397287153,0.33356564413022366
-0.05018809701563925,-0.07901368472072567,0.33648704395746276
-0.048506860248784936,-0.07264960618034932,0.34491828271952185
-0.049561283380585706,-0.07664090473432925,0.34222385861513666
-0.048323580829529734,-0.07883998103540416,0.33954564411774535
-0.04802747176367342,-0.0921212097390324,0.3395786524324072
-0.048407855763670696,-0.10103516254818123,0.34833504100728657
-0.048139159157044246,-0.09693421529036106,0.337969459957666
-0.048860550293540514,-0.11228792743955951,0.323242591780275
-0.048598816097857996,-0.10821873685936902,0.3247708321620524
-0.04892974737294525,-0.10471292338460979,0.3331594813969602
-0.028266798581747816,0.1473125524113234,0.3870583829532855
-0.025740625290859343,0.14407160561908475,0.39347261941142125
-0.024267299482914763,0.14802397838122894,0.37688911953304954
-0.0322455660316537,0.14649308335651298,0.3857281165147954
-0.02961870443418932,0.14337138281062162,0.3938578553636815
-0.03620068369495589,0.1455661722379817,0.3837744637112046
-0.033480872440063994,0.14252414385477083,0.3910926826641475
-0.030756591749011443,0.13944624745481343,0.3853308317675109
-0.02706351542961658,0.14018499791812788,0.3851699782317244
-0.02461891513418702,0.13701995163852726,0.38915972703758733
-0.02826363994433624,0.13637573418561508,0.38896575549393636
-0.04642771730170941,0.1312560771254433,0.37743060799953515
-0.046962455736300146,0.12733782535763222,0.3797250766299618
-0.04402838596559026,0.14339282140074172,0.3746376486080014
-0.04111277764012716,0.14043552254146452,0.37966452464232664
-0.04012925077938318,0.14453249887788344,0.3813551736242114
-0.04493578197776239,0.1392711156908646,0.37916537995622507
-0.04568692283172379,0.1352423217077597,0.3738070649892034
-0.04203815634910402,0.13642768951635745,0.3731952324387727
-0.037270170270859763,0.14159643097886707,0.38682113660993966
-0.03827984574335011,0.13762031867281552,0.37158151069253686
-0.031819835624186735,0.1356707764777133,0.38471675728660354
-0.034559778558677194,0.13851334920414377,0.38120554680512125
-0.02935697514507392,0.13251172288940705,0.38245186178820406
-0.026941412965231847,0.1293468137265047,0.3800957521137928
-0.030372679854485846,0.1285571915972337,0.3727433901667209
-0.032863650463060515,0.13190166278533888,0.3724278909310663
-0.035544652849564144,0.13455542027151046,0.37424214084168467
-0.04359624374680189,0.12842876958579313,0.37917707411866575
-0.04416624906378522,0.12438218559371307,0.37919269184825427
-0.042828086581246996,0.13247853050253383,0.3806867164084144
-0.039197181266121255,0.13361824483945065,0.37777352972993494
-0.036460015078904534,0.13065893651867586,0.37811840438362526
-0.039943325942749325,0.1296553471890482,0.3836414852552858
-0.037285409729773296,0.12672426484572144,0.3839375030427818
-0.03383150448260204,0.127927721509011,0.3776121161261121
-0.02580449170159463,0.13318611145091594,0.38737030299460223
-0.04748080013724581,0.12336096604553341,0.38079967069474446
-0.03185599454830161,0.12480283923381444,0.37751790954518155
-0.04073196558140047,0.12570776828875302,0.3790896200880826
-0.045153676591244266,0.12061224644270524,0.3801519977741686
-0.04158323862670906,0.12221586122277522,0.3772698196623059
-0.028122056741004882,0.12597803429008994,0.3716183097599813
-0.02498967409953076,0.12645503550621734,0.3753735896064155
-0.026179387188835775,0.12233948141391687,0.3702794113643556
-0.03484040779609992,0.12438770856307514,0.38173966220177397
-0.0384850948004593,0.12297728525131603,0.37765321719047246
-0.032940380134002155,0.12074379300308671,0.3818283081215484
-0.03611658166613094,0.12123287535413274,0.37839371737284777
-0.02951550549911371,0.12286298359140892,0.3760755528080972
-0.045880957229190986,0.11638988381723428,0.3902214896494361
-0.044616530752349635,0.11296521363767306,0.3889356695923095
-0.039259807530660544,0.11883393588481167,0.37724829348908884
-0.04179317496748938,0.11524891695483495,0.38480886295723854
-0.04259630709510856,0.11899123822595141,0.3806671044557294
-0.038339731079656665,0.11525240417708493,0.38198172882248516
-0.035427088037697826,0.11727645866376506,0.37658694406520044
-0.03206236396434944,0.11719175276532906,0.3775188878538656
-0.029063201701168596,0.11903227850726267,0.38191697953471065
-0.025586531810852166,0.11866516791638085,0.37861225918342195
-0.04519122866726235,0.10969700713754864,0.38555355077696735
-0.026778446639609824,0.11555931371489675,0.382372381624784
-0.024488181370336905,0.11278359285472295,0.38269470062122773
-0.03301327604236476,0.11395629612355912,0.379814279807931
-0.03586880648067871,0.11319316631862628,0.3817469353969643
-0.03915193356609556,0.11198476197638767,0.38474748602459813
-0.03650834312377283,0.10943449817648139,0.3829836443058489
-0.03962661762200499,0.10802812615617571,0.3889206400805904
-0.037332267641803876,0.10647852319830725,0.38935659822352187
-0.04199033423126563,0.1109891167762761,0.38711109414212536
-0.02969117025837371,0.11493778374097806,0.3785067465179048
-0.03067675858250403,0.11114358699326442,0.3788761984001248
-0.04246843202933708,0.10706505224253976,0.3860968284447823
-0.04530590353681535,0.105973124489009,0.3825699248009648
-0.04249164904966062,0.10331088793251927,0.38098361605545916
-0.04573766082397627,0.10229290394048583,0.3792423254580441
-0.04684114045449311,0.09847561241247521,0.3768933681028091
-0.027807955440965485,0.1117692020612066,0.3794180572665133
-0.02562875780637446,0.10997037915759245,0.3804089525137452
-0.03355226869433103,0.11026643650959998,0.3778205910777381
-0.031082618786256688,0.10733932090159391,0.3793927682298412
-0.03441961911688618,0.10664713994982612,0.3827010999902893
-0.03958058490551017,0.10458412545761311,0.3876093304738522
-0.03589113464870657,0.10295149193251898,0.39104618202303904
-0.02810901898197288,0.10828263935888739,0.3780777610874919
-0.04627123030433201,0.09368036505924468,0.3825328582986363
-0.04726938431562081,0.08451617474761698,0.38409297736912584
-0.04734119905275158,0.08811216517804685,0.37930558192084196
-0.03932033240458679,0.10096494753774918,0.3793317438868746
-0.03583825997370023,0.0981932187784432,0.37885420962111205
-0.04292311987303923,0.09530655933893573,0.37472274344015016
-0.042632600510527585,0.09945953603285401,0.37806528357982155
-0.0452801005283371,0.09033022982968594,0.380109044117427
-0.043568039813686725,0.09227685926059247,0.3802478585684737
-0.040617803430705604,0.09238167756986974,0.3746552491471035
-0.04182290728109503,0.08951050700636753,0.38068896443573536
-0.031623225175259936,0.10341888039837906,0.3837898141953457
-0.02821268187493726,0.10465437698575383,0.3812380491933181
-0.0245714866699879,0.10621954315955336,0.3791305022137112
-0.03330647805461963,0.09649695111500091,0.37911953931148124
-0.03524161039806764,0.09476035886304597,0.3736911337341484
-0.03909353631956388,0.09620787573702168,0.37567189810174006
-0.03231705879712756,0.0993928168676979,0.3895742288169371
-0.03753860357291076,0.09271437774909427,0.3749141079119887
-0.046315475366193896,0.08132597314974405,0.3815303973279404
-0.047077104623020706,0.07962632723137864,0.37559434301072664
-0.030547044806284205,0.09628801864931817,0.38560226047917046
-0.03198224113258497,0.09354382877993261,0.3756681263555073
-0.044556345219406226,0.07968615135066,0.38092009195902016
-0.04350238165126481,0.08628981867970636,0.3814144020175595
-0.04388163781400205,0.08267776662483166,0.3867332857562828
-0.039951886595488074,0.08642371854815195,0.38313573139415236
-0.037878617699225015,0.08913337155101221,0.37330227284382694
-0.040527106616453375,0.08302310140322226,0.3827092571206609
-0.03395672370141282,0.09049114418582958,0.375156996955709
-0.0347457153233062,0.08698843823513874,0.37432271620705126
-0.03128132555376125,0.08692361297079297,0.3777736177971703
-0.03201227502911121,0.08401440212359892,0.3734235233039214
-0.02838472105516345,0.09984542197321102,0.3845206881380374
-0.02500340406178738,0.10139351853397358,0.38067227821151345
-0.02480231566953139,0.0979454652300706,0.3804964754627517
-0.0272950389965267,0.09623987778872999,0.384513644617138
-0.04449245415173874,0.06363428466976896,0.38571608869575685
-0.04452055663903014,0.060460313509160785,0.3772646541206532
-0.04738643302803216,0.0587664988436315,0.38247957674823696
-0.035641090926417644,0.08403682796211275,0.3814383394018443
-0.03723022030998294,0.08587963717356997,0.38200792367683006
-0.03819151202904336,0.08425042195011119,0.38327045733337306
-0.03740053907863663,0.08112273530056514,0.3828349866134645
-0.04595210368816646,0.07660848166409195,0.37110560984542584
-0.0459031488556236,0.07250413391466148,0.3773052672426886
-0.046535117566454204,0.06873526181133463,0.3905687269447413
-0.04281786047346149,0.07399596471153184,0.37138007006224716
-0.04201672882422237,0.07058916071898898,0.37071217671196305
-0.03883261012315785,0.0733613422866526,0.372881750464595
-0.04145460986478427,0.06649648280220288,0.37819222055421636
-0.040822350688413465,0.06357145475248001,0.3788359668027561
-0.037726083778962756,0.06491514107872486,0.36870546468511517
-0.03740285431223251,0.06799750950316286,0.36537054080438225
-0.04430803281694742,0.057190758976179354,0.3777979904818411
-0.04150611530850712,0.0578763003350611,0.37662232010180036
-0.041569069288226755,0.06116502842595548,0.3779993087475418
-0.04722028064451881,0.04962004217872432,0.3742813846684849
-0.045125788864146886,0.05472693378411368,0.37469051213856686
-0.047512482300714566,0.05303738873366649,0.37745570710018056
-0.04157344262880143,0.054422932130902324,0.37737445848858586
-0.030186387258909177,0.09006581927620057,0.3769049771303857
-0.028035218001668576,0.09272183775036592,0.3839764831742665
-0.025121622375992275,0.09022123124836293,0.3834067869756937
-0.026352862221504497,0.08740205158763985,0.3804810515677137
-0.027749778908549978,0.08938282789063719,0.3803121107627148
-0.028793047644492562,0.08785820404267665,0.37922489085481026
-0.041484429653887094,0.07694451560319819,0.37759666112486207
-0.03791085719309067,0.07714112965755322,0.3836842290157503
-0.04093209804939322,0.0800686484570783,0.38599872868418134
-0.028407103598015206,0.08475096702293008,0.37921018100527265
-0.025901910161187175,0.08145617548355,0.37920999536057315
-0.029200520754442728,0.08079864112124974,0.37207505156738135
-0.03455378118591307,0.07820314364007307,0.38267296135034284
-0.03290882336851956,0.08099388620459645,0.3782175000528842
-0.03785815331822867,0.05585340841053414,0.3791266255673413
-0.037847438538778845,0.061671859751719,0.3758049287897491
-0.03500227540344515,0.06205549985233493,0.36997994663768935
-0.035402607724408945,0.05859893641618305,0.3790892486634276
-0.030639983679823,0.07714982734260711,0.37820142874265084
-0.03894424553817549,0.059285075011666695,0.3760096937296749
-0.03472767446287074,0.0652761202158414,0.3680479808824319
-0.03424714454392367,0.07472940575791354,0.38591375250711035
-0.03406789197503667,0.07057896592354222,0.37890040474056996
-0.03372404649356459,0.06757915681340389,0.3732459879277228
-0.03230610946904147,0.06314815542856002,0.3702217521147903
-0.03096514400104215,0.06542605052645573,0.3759905034454228
-0.028863981905768114,0.06208581960379917,0.37294552870322967
-0.04364253996197996,0.051396587364593245,0.3757386377062693
-0.047245939627083046,0.03607736933694281,0.38818426235791226
-0.04400669767293374,0.048318421605793076,0.3747939104543979
-0.0459692811685796,0.043935460240908115,0.38284709506582154
-0.045476187849276345,0.04662405750877131,0.37767034757926565
-0.046943685825671023,0.040329064371545355,0.3738839678050582
-0.03844897638352789,0.052755412790166746,0.3783464301120058
-0.040252733455998974,0.0512088827272863,0.3778231333572851
-0.03549571300818693,0.05278222430250666,0.38116884051129674
-0.03443472425475586,0.05526235413795202,0.38421793806807847
-0.03160316187505304,0.05962582264262227,0.371157336885745
-0.03251200683442534,0.05657175796495011,0.37861881947169407
-0.025927088663330523,0.07803907835316722,0.3716630003969001
-0.04481157502274383,-0.13934122726350429,0.2900628829654905
-0.04688653693838579,0.025415353135699748,0.3635015874980438
-0.04592991216806087,0.03200269840184722,0.38569791342539655
-0.04278762900427228,0.0375107536538009,0.3708053646603789
-0.04346844044454799,0.03399798626081507,0.38355503717631517
-0.04438217307198801,0.028565883356521077,0.3772111574678731
-0.04224284631804031,0.03104893394902276,0.38584576969689904
-0.02987037906243871,0.07168075550439047,0.38798716692566565
-0.026195455422479363,0.07388085248637649,0.3751240494106078
-0.02808152090811725,0.06547905363858564,0.38557883794362807
-0.03047128677565627,0.06864699530328398,0.38479295893483995
-0.027455628075049775,0.0686522762413426,0.38555675228875397
-0.02528921315627438,0.06627088284213921,0.3870005530654854
-0.026181801448488515,0.07085075538369127,0.3820234351328713
-0.025059100889476063,0.06270497512617093,0.38507205428704955
-0.028206799916683508,0.058721050697508534,0.37167605712164586
-0.02625359653068658,0.0598375983387198,0.37520300117511746
-0.025704599372707707,0.05661612157027798,0.37211786181360784
-0.03738930706253123,0.049506317349405325,0.37912194539536165
-0.040985695538024045,0.048638368742113275,0.37737836291743315
-0.042451746589971334,0.04535417260226936,0.3764959786260834
-0.04249104366314786,0.04125531632879292,0.3813531057915985
-0.03922081856147922,0.03825804269695374,0.37655017239585326
-0.0389804350916983,0.042219256687762524,0.3777372637984884
-0.03797891461158023,0.045557913426208727,0.3802313353244217
-0.03289956013772099,0.0493623982398795,0.38239404108521846
-0.034177362126591816,0.046102207655610475,0.379414873206192
-0.030168778671492206,0.04587816303525615,0.381415525339275
-0.03184683877413399,0.05328299595739446,0.38614406484877645
-0.02948228805082258,0.056164311793601714,0.3726067887944265
-0.029030261650326183,0.04941740740812168,0.38839894924419444
-0.02728402426716303,0.05253604371952861,0.3750852468945291
-0.04609405298706288,0.018645210590099437,0.3787439734714721
-0.04618756058750616,-0.13139894017637435,0.3272216148327964
-0.044028385965590125,-0.14339282140074178,0.257100930422237
-0.040129250779383015,-0.14453249887788347,0.2586893332265207
-0.04106876996172628,-0.1405318441253061,0.2848287123667462
-0.03620068369495585,-0.1455661722379817,0.25964620168416863
-0.03716815783128104,-0.14155504370599822,0.28330975764306254
-0.045645493261981585,-0.1354087893146711,0.32490485641342365
-0.04184796382124088,-0.13652191526368834,0.3308488391988172
-0.03581434063976788,0.03907200041395005,0.37495533508639894
-0.03979063226091269,0.034296004689000084,0.3661714329811625
-0.04436011614612605,0.02228340651129931,0.3691706081936583
-0.043342204203599695,0.025417459509227462,0.36860686485242017
-0.04058611199436908,0.027373822842226714,0.37752298078532287
-0.038377445718890846,0.030190350104087053,0.3705519698816548
-0.035959747644654434,0.03557166823210121,0.372366003588366
-0.043643883570639,0.015384559470677212,0.3812840547346754
-0.04023109355340085,0.023118833133707505,0.3665511218285039
-0.042056801166735665,0.019066484466821052,0.3739730764868226
-0.035007547672113754,0.04250601729877293,0.38110038652553774
-0.031448306070696895,0.042749836343828035,0.37830100145552553
-0.032240901935182975,0.039287922927848,0.3764316326851939
-0.027827632836639495,0.042497108820599,0.38161062572234855
-0.02903041035240233,0.03963904069226859,0.37700285461227057
-0.026724223847928635,0.04585989602023528,0.38915493673028717
-0.025095970752388966,0.048702637077595014,0.3830281907740483
-0.024567702966923222,0.04255428576986108,0.38910997102304506
-0.04688303805760755,0.008986711334737977,0.37821152478915904
-0.03994218393642025,0.01563962572754984,0.37915388514215637
-0.037976521030242065,0.01906623160975819,0.3648570215158898
-0.045071311529359975,0.011925327464231352,0.3811205539481885
-0.04142164296086653,0.012170797440846471,0.3755015235359744
-0.046653701425561266,0.005344436586413132,0.3747699189439187
-0.04678053253968591,-0.12763050177221136,0.32821905804768226
-0.03224556603165359,-0.146493083356513,0.2613741374429574
-0.03339703496973291,-0.14255002281535523,0.28326493901537614
-0.042679673236397694,-0.13267229072736486,0.3303045660847778
-0.04314824997668737,-0.12879950647541027,0.3312325637261051
-0.03433287278392369,-0.13859577070546317,0.33682184231275686
-0.038169215576712726,-0.13765337781961232,0.33225759935546223
-0.039828026283264234,-0.12999829363430085,0.33073132705713504
-0.038942012697853,-0.13369894103127963,0.3292967048325232
-0.03532664269775002,-0.13477178149100352,0.331727705262506
-0.036814440360009824,0.01569811675154245,0.36868557641595173
-0.03767511139736034,0.012699847036765221,0.379483400874953
-0.03296256264043647,0.03639993443433474,0.37170154070759515
-0.029618876947933515,0.036512540256160395,0.3679355198448953
-0.03682975200894171,0.026253889233303795,0.3725517212026013
-0.03555052608903619,0.022274909521135634,0.3733773168470305
-0.033356700391200575,0.0331162846711266,0.37286888365716314
-0.03627198799149333,0.032671284617032316,0.3668763049114962
-0.030712146425223345,0.034240736947242625,0.36976766494859464
-0.03413675179514358,0.0293663929631404,0.36591503085218685
-0.032497755734392265,0.02510915812100508,0.37010189443403346
-0.025607395270860367,0.03926866667284323,0.3822630505130689
-0.02712122455771138,0.037084570531371125,0.3738246112304507
-0.02718523062868671,0.033827392199573446,0.36379569213372026
-0.03368780492531735,0.017995548662301155,0.37028262163703773
-0.02944066186956909,-0.143363708580434,0.28752571410785177
-0.02826679858174771,-0.1473125524113234,0.2667695840985672
-0.042984796472686174,0.00804245546888518,0.37575063303775147
-0.0462878719818637,0.0014892941356748537,0.3744047421958574
-0.0385409825938152,0.009418453574786668,0.3700259188254249
-0.04259902367505319,0.003642452211501308,0.36795731194518494
-0.03904117755263297,0.005851002174057115,0.3662232306668583
-0.036288553858249216,0.007446290629656637,0.369085176581342
-0.04234628550156493,-3.284510641488225E-5,0.36565904767651
-0.03839894578616577,0.0020950649074561057,0.36398390552628757
-0.035786858940504464,0.004728512793649635,0.36404270214021855
-0.04706196398405468,-0.025548437078645143,0.36301878271171106
-0.046933381043818286,-0.12339502565709679,0.3348235868474078
-0.04737494902250971,-0.1200913093801998,0.32626947688872865
-0.04366796602336515,-0.12477244614173814,0.3409679470391826
-0.0467595692230262,-0.11607821792263563,0.3246587677280897
-0.030679098988532154,-0.13953758010622533,0.33866703262191344
-0.026785066125394295,-0.14027065154222695,0.33641075713977053
-0.03156637101953036,-0.1356529160052593,0.3340762025765694
-0.04018243928562155,-0.1257674955476541,0.3474817214943666
-0.03687567063594764,-0.12697677432474944,0.34988459091220747
-0.04083451542312887,-0.1224710212189906,0.3386879541918906
-0.03606992345345292,-0.13092265408260595,0.3338865475405229
-0.032613371987197,-0.1319199818734804,0.33691347863589355
-0.028866881937863794,-0.13255628903683733,0.3418402595785326
-0.03332011048337832,-0.1277546326051562,0.34769032784135917
-0.033598178530109636,0.013339266534160019,0.3715830656894333
-0.035133293344262885,0.010034055874485035,0.3812626528810732
-0.031222986599062842,0.009710527458832488,0.3760764425592558
-0.030278745324152284,0.031551861500281234,0.3742820948993511
-0.03139855152646054,0.021707387939374,0.37275108491650055
-0.02965589272670122,0.027902974078756637,0.3675344363975906
-0.027465262810112384,0.030484117873558758,0.37136327454433476
-0.02568174563716967,0.027613629367524532,0.36872067419902294
-0.028460832305552748,0.024626545268649047,0.3648085419936708
-0.029604178365658186,0.018336817437013337,0.3734093668605463
-0.027354294761432293,0.02112782969128105,0.36582232963803296
-0.024478941185989613,0.023954232082072695,0.3664375292107345
-0.03065833567608496,0.015570286884704807,0.375241368774869
-0.029367081315552844,0.01252617327629143,0.36933508954209165
-0.028300055972528576,0.015423322312075115,0.3739237177982514
-0.02589741376247278,0.01731533275814998,0.3643187763242768
-0.025627884807941682,-0.1441460265605895,0.2905862116278341
-0.024267299482914662,-0.14802397838122894,0.2743713930041737
-0.027062293417243453,0.009416213826844612,0.359156482003045
-0.0459364217132193,-0.0021536178772936696,0.37638356594493955
-0.045765320886411144,-0.005857794409547601,0.3627418892009942
-0.04569609338346186,-0.009316548115651024,0.35596737151632946
-0.045473084925185446,-0.013047459867445063,0.35938943413934527
-0.04227308295991766,-0.0035224406789878915,0.37736668324700523
-0.038571700954588325,-0.0019400944981631553,0.355687782127792
-0.03474121069305079,0.0021891759601214175,0.36864843874886766
-0.03237169040742321,0.004116035957601504,0.3662390169830343
-0.035596426339986734,-2.7695496253588204E-4,0.370952232708393
-0.033272239871605644,0.007088506717798055,0.3718951009410498
-0.04682737454665782,-0.019128418627555058,0.36329318380557946
-0.045105360750564046,-0.016277686493932457,0.35982555440359715
-0.04222024441171592,-0.010493443801154228,0.35550082486839213
-0.047767258536683586,-0.056443526524684845,0.3417670324579882
-0.045367612729269896,-0.02205350988307692,0.3615336104123728
-0.043890030729468066,-0.024783408301561848,0.3580032671633684
-0.04593760256039094,-0.04662826376549726,0.33715296234554143
-0.046470077423566465,-0.04383871691503312,0.3384861705343913
-0.04700176689175041,-0.040347072674085174,0.3413782471632311
-0.044466991575254466,-0.036917725187631374,0.3456031567687506
-0.04510130506153425,-0.02820658946548788,0.35609167107892176
-0.04589044018107823,-0.03270524901722563,0.362980601886692
-0.046625497424580685,-0.06864789490747834,0.3367433076177479
-0.046179798808330674,-0.0764885114297967,0.34320109874602706
-0.03697819266805248,-0.12330871673145997,0.34522042832204775
-0.03796562033497957,-0.12042783789716309,0.3480750485250714
-0.034164066048412434,-0.12447694815785151,0.3417791268888835
-0.04613789932568082,-0.10309184377153872,0.3426994243391513
-0.04360340684670465,-0.12121868960768994,0.3303625077266488
-0.04534585201508964,-0.11268082507552855,0.32176135070306927
-0.04441645653849508,-0.11828616965778622,0.32663450832616997
-0.04585370004380815,-0.10947055259285232,0.32390055020791153
-0.04553300311098398,-0.10596206620224849,0.3322292705932015
-0.040478348471431565,-0.11829627255546987,0.33555692633176626
-0.04264539747568566,-0.1147590182684735,0.31979466422051667
-0.03923644654388738,-0.11496502260886322,0.319442338661108
-0.04270304203016616,-0.11089537957086561,0.3242024829403088
-0.024256996061133896,-0.13711810029411797,0.33579650974004366
-0.02803903484712779,-0.13657038867755766,0.3353489662197424
-0.025425777928207167,-0.13345733215490688,0.34086287578841373
-0.026193461626269163,-0.1294798486325639,0.349576910670518
-0.0298542875605293,-0.12879912262327475,0.3478395822463692
-0.02732201629098033,-0.1261745443862419,0.3420488596775073
-0.030239785434717205,-0.12520056741279778,0.33924001235960777
-0.04296789513479897,-0.045005618570775376,0.3369955597544849
-0.04647748144480595,-0.06314266623177776,0.3337807927651815
-0.04621852061407731,-0.05911493920499908,0.33881849613725645
-0.046948336621564876,-0.04986433102859349,0.33886643138136924
-0.04256693885647143,-0.0648779244194903,0.34175994688941685
-0.04467227572988929,-0.05550818393791158,0.34598962911392084
-0.043939538907981655,-0.06142004145988401,0.3471657732546362
-0.029286142248736782,0.00641603985373181,0.374133694401497
-0.025237086203223597,0.013230113310348103,0.37199648934509594
-0.024608047401133617,0.005998068698263694,0.3563229143980194
-0.03243495435014459,5.651096870622894E-4,0.3655928825628995
-0.028060610422334115,0.0022916208500655417,0.37064866392959006
-0.04170937485698381,-0.014754163966535793,0.3576264292717614
-0.03887164072404347,-0.01148155324537597,0.35019402570670927
-0.037490718677085956,-0.014824334897706366,0.34765371553184193
-0.04250240312778523,-0.007342510262021648,0.36229160975853875
-0.039295667828426126,-0.008205578690195517,0.35816956408849593
-0.036952324007204204,-0.009060061045071365,0.36113556055228924
-0.03523941948636515,-0.011466137826546728,0.3580845314983407
-0.03955096654622246,-0.0053384594529197,0.36521945132083045
-0.0368383318946872,-0.006665551779715543,0.3616210157060426
-0.03568193740237099,-0.002783942440718427,0.36085789144171093
-0.03695053831553831,-0.004464066637105347,0.3588740171290094
-0.03461079258662262,-0.004967172592130183,0.35610063414294163
-0.033228895995140104,-0.002247430064004021,0.3647302916162598
-0.04229370253665486,-0.027280270004941883,0.3520670868270997
-0.04297465670694186,-0.01866191874566569,0.35577542581761584
-0.04102498906110504,-0.025217783009214657,0.3533099974495012
-0.04118806436422926,-0.022056047418373134,0.34866146433712514
-0.039742855060773706,-0.01832123733196856,0.35090484089548246
-0.042111241897279314,-0.030102624081425233,0.3517398391401225
-0.044103884107402395,-0.04805191517722515,0.3427946207379603
-0.04667771551853751,-0.05341762890850569,0.34739927700177103
-0.04371510180156781,-0.04072132021938829,0.34793314518979757
-0.041470541130157274,-0.0483831367155456,0.34386882619570813
-0.0388427085002876,-0.04490739286916492,0.3492770467010371
-0.040111014167127104,-0.04131955344769814,0.3399631406005146
-0.04080722510271518,-0.03737088095583829,0.33861955473787936
-0.039469957582301186,-0.027788614153032392,0.3517982024092174
-0.038632797005317826,-0.03086200392532011,0.3430091174982745
-0.04166211605370526,-0.03375023222924827,0.3498953352332574
-0.04702102217883527,-0.08452925611376819,0.333203446355627
-0.04634824015303217,-0.08866882274901504,0.33243803416816964
-0.044021722453852,-0.09083373930554356,0.33270938576985354
-0.045958489981590876,-0.08015125263693214,0.33825708959897066
-0.04531381490170468,-0.07249404681933369,0.3444739945431247
-0.042736237907397084,-0.07028614651516085,0.336040758866063
-0.04266676387862622,-0.07455952013705766,0.3380068624296552
-0.04333077415876127,-0.07882823369001303,0.34691421861509425
-0.04350976494241661,-0.08656791508314654,0.3328218898715845
-0.04375759664549389,-0.08275264368035389,0.33804142558035183
-0.04135081307478631,-0.08398133552022426,0.34122468188814575
-0.04037899408814695,-0.07748128790726123,0.3396203137939972
-0.041016848817180845,-0.08151920179606265,0.34864559518272203
-0.03932606609303231,-0.06774187462502322,0.341889779941198
-0.03964525627117566,-0.06372907193378595,0.35404576667413257
-0.037050851143189595,-0.06582675447097687,0.3518656221687181
-0.04484403176761636,-0.09433844506515777,0.33403210828872765
-0.04212440539397795,-0.09287116334536111,0.333927198217376
-0.04463933176554678,-0.09945894993486752,0.34217777463314475
-0.04138885057976378,-0.09616993329972626,0.3292556919996988
-0.03640769306781148,-0.1169860230351838,0.32759470111000805
-0.03380227222752571,-0.12045559602314075,0.339605827837338
-0.031385344865710624,-0.12239149969753721,0.3380837091189834
-0.032794393468444455,-0.11693394034662094,0.335055482076097
-0.0432375758214428,-0.10323753690071018,0.34540749589122544
-0.042863460418768075,-0.10707349188502117,0.3348606455158895
-0.03995175328969108,-0.11197502077331453,0.3262734942336957
-0.03663532465359239,-0.11288713206845091,0.33573345133180826
-0.040031833598776344,-0.10819421185150858,0.3407375760579437
-0.040175041869710576,-0.10440962835556401,0.34732892626258977
-0.04078822006444777,-0.10047967146534584,0.3414908383492123
-0.029992834484423973,-0.1186854391445862,0.3364631411030841
-0.037356977586498044,-0.10161219298188992,0.34766366541849325
-0.030390062001266403,-0.11486462060030936,0.34794133998976484
-0.03373706251130367,-0.11379808961424018,0.34371949917511685
-0.02732178125268974,-0.12203803662577418,0.3339705005070229
-0.024694221820504892,-0.12382643657119662,0.3347981752103109
-0.02651911765631771,-0.11851193211236871,0.34614123079719505
-0.04319971289677592,-0.05798055256352163,0.3427897238757141
-0.04363347462483051,-0.05145534383699895,0.3538518735658728
-0.04129282066222702,-0.054580159200781346,0.34850619788366005
-0.04052735451521292,-0.05115039190237644,0.3460294671474163
-0.03859447222461665,-0.052442149225754776,0.3444245239886508
-0.041429992213335785,-0.06122948435645772,0.354928282492636
-0.037898589986181994,-0.055873643238781,0.34697567723885386
-0.038383204343076946,-0.05995916411789986,0.34928938814911414
-0.04062161582839669,-0.05814156120119461,0.3428313294555315
-0.03775053015021939,-0.04925489547820966,0.346516228960552
-0.025003838971076293,-0.001423079234985721,0.35672701463248174
-0.02955807705415034,-0.0017588789275753242,0.3537774649459402
-0.027919132020039,-0.0048185400212179775,0.35187967025987565
-0.031708277981820215,-0.0052199054366249345,0.3556110586295378
-0.033923104810132956,-0.00807763838832178,0.3558055559058321
-0.030358714255005487,-0.008034725508989092,0.35510043829055554
-0.02441465562471202,-0.005437903428727587,0.3572974447854169
-0.03584746794438261,-0.017982414647299664,0.35290948002735595
-0.03362869380490852,-0.014564868747041196,0.3514147255564474
-0.03208979578333979,-0.011293532643112869,0.35888984663770307
-0.026718614782617153,-0.008342941456440683,0.3554992970995631
-0.029459868483342894,-0.014499108043783708,0.35975921605442707
-0.02889996593328984,-0.010637915183405887,0.356775635573376
-0.0261042552433255,-0.01206540763223385,0.3494744533691562
-0.03188512144728964,-0.018427220277572865,0.3471926587209964
-0.037711480770085855,-0.02422179489015886,0.3503023152686451
-0.03778275570587448,-0.020854789052873166,0.35618009070198936
-0.03446068334288367,-0.021819884279181877,0.35580601848919
-0.030602670831741657,-0.022146173059982444,0.3506560985560989
-0.03518564666959627,-0.04529910190057463,0.3461696452645464
-0.03616702559833005,-0.04144641678258509,0.33767299629311337
-0.03782640495509537,-0.03415508591592389,0.34543650913381935
-0.037219151663270326,-0.03796374388802265,0.34309737050228334
-0.0357376178900827,-0.028190786777768446,0.3495801649875498
-0.03345573867997712,-0.02532662058802579,0.3518491007379186
-0.034987200389566285,-0.031266161458636706,0.3456975662295551
-0.03281461656505449,-0.041768182714501084,0.3415112157355919
-0.034553326858533594,-0.03490121265588604,0.34748432576668814
-0.03366956452867272,-0.038176872373218436,0.3410981616474112
-0.032323058835740624,-0.03270916864320397,0.3412162941824
-0.02766570340012841,-0.018865859190656843,0.34818229623554847
-0.02669013093869765,-0.0227603486426908,0.35673781107162567
-0.04003476439839896,-0.0863205921008138,0.3390255420882587
-0.039490920034519504,-0.09301869462099481,0.3494966834510583
-0.041063163987508686,-0.08992871916066264,0.3437169043970791
-0.0389229682546226,-0.07329353218198566,0.3489101778184149
-0.03718859097442083,-0.07696455606412828,0.3464347607659755
-0.03951123271888476,-0.08360480457312594,0.3514767202217574
-0.03701779811031918,-0.08466705417532334,0.3541900339610402
-0.037643476374542136,-0.08104665446918803,0.3512337138923
-0.03535218481653244,-0.06907503914930277,0.3481833572439212
-0.03587062965014957,-0.052470772445136364,0.3444455571845579
-0.03478354165196686,-0.055285467301583804,0.34670447527849835
-0.036721307467250955,-0.062303205827572164,0.357293423529553
-0.03458437973823275,-0.06535367383338418,0.355950345718165
-0.03519877493555042,-0.05879230330655263,0.34867994343086745
-0.032701570415014154,-0.056355403998071374,0.34613122166508736
-0.034141024337946316,-0.06217347808389754,0.35533324472742095
-0.037893735685281676,-0.09680347864431575,0.3431427989864572
-0.036515953990515854,-0.0931621283017832,0.35112255591015623
-0.031031139462906282,-0.11108506787122631,0.35585712440449146
-0.037243437588465024,-0.10933584354345553,0.34796961887160344
-0.0371724724274261,-0.10568935505302914,0.3464061825206604
-0.03379165966525831,-0.1102525121850957,0.3564423734816477
-0.034703830927485156,-0.10750607506385443,0.34886668974888346
-0.034517929180540606,-0.09871128665242794,0.34571567871049674
-0.03183240414428229,-0.10732591587938525,0.35101182100765654
-0.027576426496811992,-0.11561995205695752,0.3501879121477118
-0.028104480441377377,-0.1119120895585337,0.35240690102137334
-0.02514163967396442,-0.11274093179538137,0.34827734426806195
-0.028595202131581742,-0.1081168715726206,0.35014874777811017
-0.033593644103390434,-0.10371838192045146,0.3520355104825707
-0.030715900934026253,-0.10022680153250199,0.3456789707450641
-0.024194044892142677,-0.11614491116851743,0.3532313089753015
-0.03363090511970721,-0.04890059518093267,0.34993564540933625
-0.0322132600131775,-0.052891229389098585,0.344362114650114
-0.029972341259119916,-0.04879836896459513,0.36080230054406087
-0.03149557430421841,-0.045050292417104246,0.36877220830363183
-0.025063227271010576,-0.01602934450324331,0.3502469269045378
-0.02896237602125875,-0.02547602747882081,0.35559145146813514
-0.02454855112374486,-0.02632121220215636,0.3474369993874152
-0.03169305133339792,-0.029058272740617036,0.35146544720795997
-0.028502860432841375,-0.03232513145836334,0.3481504596823873
-0.02914938354606385,-0.04159055533954119,0.34324972141839666
-0.03035460765152744,-0.03854945739908916,0.34196877100816764
-0.031082078362546596,-0.03515311766609739,0.3449861105391992
-0.028499926675346687,-0.03612330815988497,0.34789173356061764
-0.02499403421352554,-0.035198665352623726,0.3460489425472981
-0.026988460053040727,-0.038250126449776475,0.35418613636260515
-0.027983538907428055,-0.04495999706504632,0.3594467260494402
-0.026350366997540748,-0.048236858702691454,0.3514302535504355
-0.027679790380763493,-0.028802209537624676,0.3609134647349179
-0.024674605429553863,-0.030690721608361258,0.3488820053049881
-0.03752767287476493,-0.08917910562512159,0.34326112528385627
-0.03446015801568271,-0.08713889978459419,0.3527229683292011
-0.033831106552816195,-0.09075329697777718,0.34243596908807333
-0.03202798086114615,-0.08795495824747714,0.3534590430639763
-0.03395163276987773,-0.09506868084052601,0.34780758592508354
-0.03185350400381532,-0.0969631872982707,0.3472188465530658
-0.031042116408402678,-0.09389284792358848,0.3456459744219011
-0.034845362822625625,-0.07449551603118876,0.3500735080365978
-0.03436042601917729,-0.07874010033932459,0.34924008617547214
-0.031856205970229576,-0.08552456515799213,0.3576566706341358
-0.03450570431437354,-0.08307172419724722,0.3561885354615735
-0.03176949806479271,-0.08138467684676653,0.35386389391596834
-0.03178235027023637,-0.07172729895165306,0.3497312404116078
-0.032535505191874016,-0.0676642854206965,0.35902690035362816
-0.03169582613473727,-0.0637733930046494,0.35352655926328347
-0.03155231737320906,-0.05962871304516525,0.34710008633829575
-0.030025575846763318,-0.056080186073442985,0.34866101964459545
-0.028656042987993836,-0.05878441597447641,0.3483963004513806
-0.028665551416189573,-0.062291585824431076,0.3486460520114711
-0.02643089716391667,-0.0595632001762938,0.3475051808802502
-0.029675286124065964,-0.06944597366685203,0.35685596571378425
-0.02976951100254774,-0.06595120115552788,0.3550965515585363
-0.02723941571846384,-0.06866542338585466,0.35775579181331607
-0.02965629344126502,-0.10422337141862908,0.35328419478607764
-0.026093587842171282,-0.1051453910257233,0.3519498489310611
-0.029183257794349146,-0.09676364152731608,0.3461503192503543
-0.027155787200410317,-0.10028548366789895,0.34447362934487563
-0.026205094165882726,-0.09654842413360129,0.3435484962959751
-0.025455161515619266,-0.10915041637121281,0.3470235182333394
-0.02825005132842948,-0.05221477897898979,0.35566293202851534
-0.024623424698766484,-0.05176104544214179,0.35980734785270235
-0.02453117959423314,-0.04448742886471669,0.3541887752995337
-0.0259812724364303,-0.041522311675534954,0.35432220802422126
-0.024444919962815122,-0.038782406490411266,0.3598522111417974
-0.027564173336642454,-0.09280547273572516,0.3482863987790229
-0.03044341348257496,-0.0901846862218004,0.34941881624444854
-0.027610131798492633,-0.08817441966012643,0.3588709019387691
-0.030228226869591125,-0.08743454712862794,0.3565918405282795
-0.030756350093102163,-0.07710350525857841,0.3440198799060582
-0.028663146892732878,-0.08464628284502251,0.358060251344177
-0.02867438378215931,-0.0805225014819712,0.342740428426502
-0.025264384310684194,-0.08633758143939513,0.3554958426761601
-0.02749944126007403,-0.07261533904237917,0.3688384182846801
-0.025007115967986642,-0.07080883529417414,0.35732945523770443
-0.027214595513076426,-0.06550374038088075,0.3627583412638166
-0.02633321064608537,-0.05615207397480577,0.35488673701694035
-0.02490995084696374,-0.06272165572847069,0.3530746341039685
-0.024648001398711594,-0.06686336900060269,0.3702732830525978
-0.024710006254054933,-0.09047390693460065,0.36075442811417696
-0.02656281144075124,-0.07772137903051786,0.3646386641505061
-0.02556184022880506,-0.08201592315371153,0.34332990488553555
-0.02181459987662261,0.14470872789167033,0.38815002520429803
-0.020250002077993583,0.14862683948682098,0.3712977814351295
-0.012173808829114756,0.1495051784340334,0.3428296434970681
-0.00996881364173663,0.14602428187723038,0.3667062236475786
-0.008120836287812674,0.14978001207766858,0.31654152554076437
-0.006015549214366835,0.14620547414486676,0.34471392932820516
-0.007817310188545755,0.14260791922169994,0.3670778578799137
-0.017876660073562804,0.14522300242892744,0.3840301490963966
-0.016217852763591313,0.14912069357315394,0.36355631225466684
-0.013888794015365889,0.14572332346263897,0.380337861410998
-0.011698922490520063,0.14230772048327217,0.37179067816716427
-0.01553086066744983,0.1419700559577977,0.3725391878188125
-0.01942924068863622,0.14138559267525488,0.3776642101656038
-0.023273014663538243,0.1408477345970101,0.3836369352441638
-0.013336134730244894,0.13862197451344963,0.37570456931478585
-0.02087028630669734,0.13758549374136467,0.3851890862966126
-0.004025704783155064,0.14275434349423585,0.3557686741369072
-0.0020366709462172994,0.14633367691003363,0.336514110639433
-0.004061907701420202,0.1499449929334926,0.32355745547041465
-0.0020291597107779964,0.13924763014143873,0.3673983522042637
-0.005820654649437991,0.13911277527587457,0.3726871159063672
-0.009533816136910333,0.13897453057822415,0.3742160729950878
-0.011177587306465057,0.13530401696607913,0.3706629301583102
-0.01707153434944263,0.13822250905133185,0.3795308754396775
-0.022266677287003583,0.13375890804336274,0.38758737644949215
-0.014930319245059573,0.13487968741913808,0.3754105595381864
-0.012747453198179536,0.1316126750829048,0.3705525208078256
-0.01852522967227865,0.1345372067149794,0.37874241199929265
-0.023430317640184883,0.13002043303169009,0.3869542591110619
-0.01636217231834609,0.13102358133785974,0.37581383154630665
-0.01993699526639037,0.13065292518411536,0.3858951493530982
-0.01438264550408561,0.12835652774201856,0.37774674816022896
-0.021183430161668057,0.12734100503636045,0.3844073135115304
-0.022734804221176234,0.12444190328805461,0.37412261197947055
-0.019700678549540322,0.12365649308201396,0.3805688827898242
-0.0038079779490354754,0.13573264378388156,0.3663815923178975
-0.007597279922397434,0.13544685421470154,0.368659269241793
-0.00925789135548807,0.13168122158065837,0.3642651701703372
-0.005561109824581436,0.13214365802419936,0.36363082960157295
-0.007374527238774981,0.12888432968601723,0.3660877749851896
-0.011317985188990277,0.12834803011548832,0.37250881120491663
-0.009316524980854567,0.12601493472538122,0.3766519368242622
-0.012936237506003423,0.12446140816901576,0.38579461021588385
-0.016145992677528854,0.12527276838842366,0.3877853449301146
-0.01602495035443122,0.12141872909740982,0.3802844009176991
-0.022271610747098665,0.12037007216827984,0.3673401097068983
-0.019216412901808887,0.11990960201011404,0.36768817528111125
-0.01823208143470153,0.12754120704876806,0.38615999610600055
-0.00423177237149325,0.12867481684243046,0.36138414275763436
-0.006329710157857648,0.1249836918679572,0.37482398877718426
-0.0020570781600504945,0.13203653858987602,0.36360119846773836
-0.002402612128003554,0.12625945456205803,0.36207805730855513
-0.02055652206019404,0.11691935541312126,0.3674879223780572
-0.009355188942153227,0.12206615191443439,0.38094536549264124
-0.0061611250710098845,0.1213010678446654,0.3769246397823642
-0.017083528246098083,0.1174690283188746,0.36308737499412275
-0.01263952539924631,0.12079326044257829,0.37991040294770756
-0.01071821941288917,0.11828451900298151,0.37618107033127907
-0.014121105524205825,0.11782437524710514,0.37046024473464106
-0.023443105115470857,0.11657368306318722,0.37754215377401007
-0.015548602152755336,0.11418100213650507,0.36143268117729205
-0.021492640231458252,0.11331459796490626,0.3759165463523871
-0.0027804820736932498,0.12244943739555607,0.37597366177127584
-0.004322986001744567,0.11860223137337143,0.37182716533616583
-0.0013190188544793884,0.11860186409550041,0.3712982309290858
-0.018487225404649962,0.11381542188343528,0.3641481300841676
-0.007794401681035353,0.11837716371631271,0.37358875325030155
-0.0121448101850076,0.11474635690438674,0.36660785317698447
-0.01357693202856158,0.11210715612595087,0.36280092841505646
-0.010739107201926914,0.11159042940630351,0.3655970310274746
-0.009131881471971255,0.11492840344104789,0.36918149815773466
-0.012925034711667536,0.10825456924928761,0.3672686867521983
-0.022717893936599835,0.10977169529105404,0.379508220269633
-0.019320960278940136,0.11004260659002234,0.3733200031613335
-0.016210383789865154,0.11068997203093991,0.3681122434045501
-0.007307029440316157,0.11149270061753873,0.3724046404773151
-0.006058880773641292,0.11512235617057974,0.3700509156123664
-0.003131477560530321,0.11516703250126316,0.3677096200439718
-0.004126795207290833,0.11179495479755175,0.3776521378998327
-0.001385168836051868,0.1129089470357786,0.37145575084988375
-0.0011598641003393126,0.10902066131260221,0.37825796405534456
-0.005097475021016692,0.1082944272456617,0.37193210311733593
-0.00876384635540257,0.10792551558643808,0.3673508381055907
-0.010297239938888212,0.10397659542777998,0.368900508458367
-0.020316420518252002,0.10630615744317158,0.37535435159187397
-0.016725420562049856,0.10713001114824774,0.37213242779309086
-0.02146017271527021,0.10228599393361398,0.37921097775144275
-0.017483828733111977,0.10248069543910768,0.3745475026103922
-0.013897060235495489,0.10353673634447758,0.36898877917447526
-0.011830461249913384,0.10143070180600881,0.36567125235052544
-0.014043325502586924,0.10011196038006182,0.36608934564232015
-0.016737790808836445,0.09861809540841122,0.38212449409630955
-0.01106900354621137,0.09818843329266484,0.362304539782137
-0.002724031671384921,0.10455968224624677,0.3680978801802965
-0.0062807569730706165,0.10371594746709586,0.3668196799081213
-0.009048991425886726,0.10053934176420808,0.3654567099204851
-0.01987549464174267,0.09897954503954867,0.3839476843487872
-0.017835122919267213,0.09523000946442385,0.37851307932329437
-0.021639763646124365,0.09646357526621954,0.37639448207939513
-0.022740418653654074,0.09951772509573602,0.3792659664203138
-0.020191372135921825,0.09275705570660923,0.3729014719501829
-0.02390257555883985,0.09367268445577762,0.3846358654478538
-0.013659080989909641,0.09572211217016446,0.3778240571747999
-0.01524250638794998,0.09241568527432575,0.3721081503920804
-0.017950942417633512,0.09184268220404802,0.3727952428779298
-0.019074982168238143,0.0904319474923271,0.37662987662126435
-0.02278639769202462,0.08703083976099185,0.38176537725627396
-0.02398101597673798,0.08401534342817868,0.3828116199388933
-7.725998425970815E-4,0.10201700340358846,0.3645242972600488
-0.0074246390684099385,0.09656845164527957,0.35927459925466915
-0.010053645650577566,0.09447491390674538,0.36727935748679247
-0.007853179640899035,0.09323884317738854,0.36006604585871715
-0.005154206449325827,0.09352436917051389,0.3575484285625689
-0.0032030526380390613,0.10100868670493342,0.3639389972911434
-0.005980943186983467,0.09984998944252617,0.3650123281643059
-0.011852488126125323,0.09161448714547757,0.36755883839881354
-0.021736653083370257,0.08980497882907111,0.38361163519934977
-0.013197886681875595,0.08896195444649223,0.36636326775617384
-0.01672214329608874,0.0897106255927072,0.37215437250920075
-0.019067858121375784,0.08733234908206539,0.3864776670583128
-0.014740674018216582,0.08614039326435784,0.37785325912531414
-0.022116831255284828,0.08004406162779461,0.38528785184310305
-0.020262541641558437,0.0834679875185827,0.37868845488575836
-0.016937714520778642,0.0837845728070774,0.38320684075812883
-0.0032210050554580504,0.09664855334354526,0.3606613314012553
-0.0018393250742191256,0.09237313470569099,0.3603845844667644
-0.009203218938184982,0.0919453993331818,0.36221534302006697
-0.003456218588805939,0.08988220178198889,0.3557659247101827
-0.009516100585332397,0.08883819616732948,0.3645413162606554
-0.01109009205844788,0.08514023790687657,0.37122516965036145
-0.007813590678301523,0.08514827438783311,0.3688409534482008
-0.0069311464157412244,0.09097099026915424,0.35702734077308934
-0.008484685773553474,0.08183153929702143,0.3752566313817041
-0.02371516935686703,0.06835049555318197,0.38072175116928175
-0.02287403269821102,0.07153173789238151,0.37028661942235047
-0.021888347643721277,0.07447772902632734,0.374376962359448
-0.019842861283352598,0.0712309620879487,0.37015271590562016
-0.02331728048159043,0.05919057203448183,0.3777751850832916
-0.01809221460089898,0.07635221342149291,0.3828185304611446
-0.013246053973226176,0.08198565592402657,0.37943300168509875
-0.017305544252329788,0.08042188812533038,0.36977687061845904
-0.0043837156550381165,0.08292127527900858,0.3687600021689748
-0.0053524310149190915,0.08722266217979716,0.3595041925751082
-0.0018247336386864746,0.0858322994099896,0.35595226635697497
-0.005300910110394448,0.07746163103515195,0.3777676865156741
-0.020807751989308485,0.0681048925073845,0.37207027053348934
-0.022036049711331187,0.06490107289568758,0.38196813823598613
-0.021761024416126533,0.06139574943014164,0.37810006966601456
-0.01958569101406196,0.06228835830059502,0.37505765382786477
-0.009741081226384828,0.07792395558337248,0.3722326162234473
-0.006999421902820366,0.07481030623843028,0.3643559176468612
-0.013660407044261724,0.07642812006646753,0.36278568572343245
-0.010341463466370783,0.07482491798843509,0.36021464184548774
-0.008466255579620325,0.0718410594994965,0.3580473425156225
-0.01797582390507852,0.06861664497688849,0.3691603763281517
-0.01836858696636942,0.07326661464207444,0.38006292833466976
-0.01618503690158667,0.07050431807263602,0.37777152443663536
-0.01813183790913252,0.0650014842375036,0.3725716251973341
-0.023606913508856645,0.0523466166115489,0.3726644563873723
-0.01942649022422878,0.05873164130729164,0.3687100678172924
-0.02142891398337623,0.055312063477095906,0.37324828689233264
-0.017695767564821323,0.054491828448333265,0.3645897125122768
-0.014883376764070092,0.06687735127061102,0.37076452198625365
-0.015376517699563039,0.05733039303273421,0.3627934748354351
-0.01675704272339253,0.061354745533590715,0.36831643731127356
-0.015074524619336437,0.07355710846269979,0.37915750022636496
-0.013337107928058579,0.06998757783142233,0.3796936529722406
-0.01203373676280188,0.072971005797776,0.3654551758990095
-0.010451684552765336,0.07015793969982481,0.37259159016454474
-0.014979265737289374,0.06336189318112447,0.3689961341142048
-0.012730147783889763,0.06403285039247501,0.3724077392683383
-0.010971890415827695,0.06659509509234503,0.3816166722584708
-0.00756494693635603,0.06808342287464951,0.36981369311312035
-0.0012464605976221534,0.07852744755663911,0.3659859372980327
-0.0022037095099227883,0.0755252022536287,0.36912850661849445
-0.004063061331728228,0.07388246207392893,0.3655640181237129
-0.005687615894278288,0.07102426572572695,0.3540989838579561
-0.00278552503092385,0.07084755905436074,0.3595384678869416
-0.019593579468312115,0.05115924686193172,0.3686417876492165
-0.021555742071675498,0.048416404000989975,0.3756640668710389
-0.02292251015288979,0.04510380597204197,0.38972274824451086
-0.017971578499961297,0.047510168804420744,0.36561031521566195
-0.019835880219264405,0.044892402023904085,0.379993148282123
-0.01614554820372261,0.05050472307056499,0.36328749600208315
-0.013979805282032012,0.0531117886966838,0.3668700423551849
-0.012793319998483797,0.049186150158993996,0.36726957544510713
-0.011711426399835951,0.05603374784778779,0.3643523792893891
-0.023316197221958483,0.036106434506444456,0.3816190574575042
-0.021213374753335984,0.04174569224105464,0.39271201903613817
-0.022924744553330312,0.03967977679718765,0.3874191165376254
-0.018450859845685272,0.0418744420664298,0.380244463049652
-0.01294383174909374,0.06045192615635217,0.36755812742729954
-0.010053981235887506,0.06283668987559218,0.37774284802979996
-0.009108616019952663,0.05863325280192265,0.375789006377055
-0.0036773619414541586,0.06739905659801905,0.357482831097549
-9.577245822298295E-4,0.06502659084931271,0.3607026987398259
-0.0031800791613287205,0.0634304464046415,0.3647155839220155
-0.0057504268233058015,0.06499193845991263,0.3688184704108377
-0.0064368249378122045,0.06145006154997259,0.38039425318927117
-0.008098473826083677,0.0646153884430222,0.3800880165712112
-0.023189101895934996,0.03150521878282294,0.3637074529925452
-0.01913682103000793,0.033880304471544456,0.3764115315486635
-0.02174178312151524,0.027040038618851826,0.3734299186626889
-0.02332754339430717,0.020080757436536558,0.36955563096399396
-0.020493852887384534,0.023035977191052773,0.37633303006645363
-0.018836744188267873,0.02972685559253462,0.36392865395300417
-0.002772674002857535,0.059254957707787895,0.3760356782161948
-0.00557560310625307,0.05698045878455541,0.38270225114924883
-0.008200643831277447,0.05431578082716857,0.3694937616555731
-0.010625193219832041,0.05192456878603845,0.36725826494043473
-0.009746939754535455,0.04809483090495487,0.36687324055822
-0.007417675630829699,0.05029330377219471,0.3685380588648768
-0.011828387146961852,0.04546134272835492,0.36404755800796745
-0.016568657803207595,0.04377275145934334,0.36661687321704717
-0.014834894293081475,0.046793897990883626,0.36271575421283925
-0.015455746949913668,0.03166572335322941,0.36585442415304037
-0.019211689251151045,0.03838181474082591,0.3830542219190463
-0.015288860327143617,0.035763344343469575,0.36638665116650465
-0.014947332314803377,0.04031446033163247,0.3688017484987141
-0.013802395905443689,0.04368281227971787,0.36356871667814233
-0.012058175174409108,0.03310043541547971,0.36742805462504696
-0.006861817278781693,0.04652972459055262,0.3627201116574796
-0.009074219967976874,0.04488144133738598,0.36182187074639277
-0.010544113039598407,0.0417654912236052,0.3637019994818247
-0.0059889618517153164,0.04257099133044915,0.3585471104500483
-0.007252859103922674,0.038240522998510794,0.36198725629921774
-0.004985384509867963,0.052739194212279204,0.3750659507790763
-0.0022949696658116354,0.054936723447124025,0.3873127829824789
-0.023068525854707908,-0.1410066901301338,0.33088534671110764
-0.021675238815380596,-0.13401576028896492,0.34023312320378185
-0.02290680289512946,-0.13029402267442666,0.3460714600109578
-0.0237348460763314,0.009583739244073996,0.3621267378974048
-0.02206571995155656,0.016136283954725807,0.3665277515414806
-0.017768994405748417,0.025842482551025583,0.3683489754315073
-0.015665869924221056,0.02847345692254185,0.35942925381698365
-0.013659492214265604,0.02529863562755378,0.35209672111906876
-0.012498593031244986,0.029242406306344677,0.3715428565484992
-0.020759032315970736,0.01182583179456352,0.3754120805575016
-0.021013004291896016,0.00802841555571198,0.36636663754486215
-0.01842289663083644,0.008989662174191785,0.37079426800782783
-0.019302663758577396,0.019150168924176234,0.38237529954467736
-0.016479520718285477,0.022152612956103476,0.373051615563388
-0.01808917862679531,0.015184783885350307,0.36348668192004174
-0.011437852051921738,0.03725493415421278,0.36919893258068065
-0.012367268034693651,0.021148249685790092,0.35238562398353346
-0.010150465554955844,0.023820479821154407,0.3541664324017354
-0.004490373134024445,0.04887392295624373,0.3729063977344615
-0.001954687650511275,0.05081892974701428,0.37593270956541985
-0.00858616202973097,0.03417663804335467,0.36415136408490706
-0.009329249419563198,0.03034119882979751,0.36817722019498933
-0.004599734690447725,0.0346253114462955,0.36673729359100743
-0.005820013800724567,0.031214305078725132,0.3705471119083504
-0.001745927042407949,0.04699987494854564,0.38031177580684905
-0.004119503812973563,0.04563424264314145,0.36353114891528693
-0.0013473817722769752,0.04303083228611646,0.3663180212881709
-0.0031622256370827414,0.03886356578675331,0.3592859277384694
-0.021681808949643177,-0.1447564140738206,0.2967894164749499
-0.019144195441849043,-0.14152188733312615,0.32735242488718613
-0.020250002077993448,-0.148626839486821,0.2858151431878611
-0.020562589605949404,-0.1378052062852566,0.3355371841615599
-0.015358672400613258,-0.14201483899349665,0.32715273954200536
-0.01673766595672173,-0.13824930116441458,0.3401564581516893
-0.018204606849576685,-0.13465052371934225,0.33916092658148583
-0.014405801672618644,-0.1349568647566448,0.34272169241770273
-0.02342869394812636,-0.1266070850984517,0.33596119803157687
-0.01928014373667686,-0.13063250117840056,0.3406390728567392
-0.02048863104077161,-0.12746316599255417,0.33463130794738555
-0.02281134945416462,0.0019390847048432606,0.3589214033865588
-0.02012046003252074,0.0044596217732694185,0.36939316984528864
-0.018320223145510076,0.00682744718725823,0.3669513918684843
-0.01568607911960519,0.007981895550819764,0.37389574201731274
-0.016712334105528335,0.01150202108006662,0.36564010441487743
-0.014060178547094104,0.014390145796564667,0.3523964648803047
-0.009987061984911179,0.026953371353163322,0.36596051663213586
-0.007294710099306187,0.028281700663969594,0.3639703058011411
-0.012866147261383411,0.010446103831173417,0.3658737312919132
-0.015201016524571984,0.018151547972879194,0.37718224599101413
-0.01100906262827263,0.017384322424709196,0.35107379396522503
-0.008078779076634077,0.02066806363442187,0.3516718853771773
-0.00722151380880068,0.016350576021287425,0.3559399449223734
-0.0068242682741106436,0.024786623992696703,0.35826079153712076
-0.004656397165473052,0.022171232842371467,0.36115414473431967
-0.00411916841620701,0.01878585761473395,0.3561775280555035
-0.004103928276584469,0.027736787601460512,0.3701452123462697
-8.421138801144963E-4,0.03498915477015836,0.3573816980645286
-0.0028953655257983753,0.031435734839657684,0.3697734628802008
-9.996917207846252E-4,0.028865297256669784,0.3664954719672649
-0.017737836486214045,-0.14527587384800744,0.2994526025025063
-0.013077160355856663,-0.1387132736451462,0.343327540395207
-0.01147669535035739,-0.142330598872861,0.32960388254030765
-0.013767458743191376,-0.145711317490382,0.30200712673700614
-0.016217852763591178,-0.14912069357315394,0.2933339454812753
-0.023323705810210676,-0.009216877318921669,0.3561944703688502
-0.02144488223565199,-7.618993037559249E-4,0.3565075007864451
-0.022002962732085272,-0.0033128693749227907,0.3593359662391504
-0.016235425950638396,0.004229114747728972,0.3591983393040511
-0.01910484248621635,0.0013278601392723104,0.361986155541193
-0.02061453766853785,-0.0061865153007858,0.35072987777496895
-0.018420907162526198,-0.0026964643530873644,0.35004218689222044
-0.0166391577031713,-0.006803281632931004,0.35152213724404774
-0.010862934013792533,-0.13540062505592015,0.3464937835574564
-0.015813417207985687,-0.13127606541428247,0.34504456032309916
-0.012168136815723755,-0.13149510880744547,0.3525323056420904
-0.013510471095215096,-0.12840128629717712,0.3439491017456689
-0.016501024755222568,-0.12774555945324495,0.33710198983787837
-0.02357752613073826,-0.12009813256918783,0.34846370663877063
-0.020639741944051066,-0.12338611601091444,0.34071657496200475
-0.01999656765582367,-0.119746610457188,0.35119097094251395
-0.021219589423199254,-0.11677056128683877,0.3522585305693749
-0.02163830712349612,-0.11328774944265951,0.3439543935451134
-0.017785573436579036,-0.11731494803862143,0.35159851657395585
-0.01699232973709762,-0.1212463675273123,0.34903552035000945
-0.017966569584939217,-0.12505263231722225,0.3399483314697027
-0.01396127378571248,-0.12429341327104473,0.34299198729626873
-0.011135964836344088,-0.12571737973893513,0.3469768732073994
-0.010040796439858824,0.013371834277798143,0.35746319458638126
-0.012109292899054146,0.006377422028976653,0.37946217196565174
-0.008973286769420859,0.00933872189793037,0.3582085981588011
-0.006146286605011497,0.01238049687651305,0.35978320070155706
-0.007698089804117899,0.00515455006867397,0.3566608264767988
-0.003307751767907618,0.01509164986934357,0.3560340784888876
-0.0011189453900438196,0.02184823812898479,0.3666776501591603
-9.556459658929626E-4,0.025723945377878196,0.3623362025573443
-0.003545216626278659,0.02444050981879721,0.3658057689864421
-0.009320757288871,-0.1389440185448585,0.346600689204392
-0.008703168334527191,-0.13198650308368073,0.36360882254583066
-0.0070506314307122436,-0.1356448244015327,0.3553054578358719
-0.005504661676475415,-0.1391891374662663,0.3502764839293447
-0.0035125942744486027,-0.13584915574060605,0.36393973972793975
-0.007669730304055506,-0.14265011318409715,0.33725743262161184
-0.009873394598086038,-0.14607619329854712,0.30526008774374014
-0.012173808829114717,-0.1495051784340334,0.30020180249826156
-0.01934062719199649,-0.009981645644347836,0.34826058910621877
-0.022202661976645062,-0.012917156163027386,0.34963129950593963
-0.018266460537141954,-0.013693923818544448,0.3504072997325412
-0.02080733867166506,-0.016749813382318464,0.3490471776065673
-0.02330259447250007,-0.020340150168056063,0.3526911019094592
-0.023939385402217787,-0.02333618721761854,0.3532348993529119
-0.0210630292567959,-0.028393027521898817,0.3420585073600421
-0.01548920104710514,-0.010800060717886872,0.3524887897590226
-0.014401193006227218,-0.014320497165962202,0.348886180113432
-0.00852440151288787,0.0011554346492813395,0.3583328470530584
-0.01175361934419047,0.00298544131292968,0.37664445513427336
-0.014944584746592967,9.76028971719316E-5,0.35463547232275333
-0.014045386345192484,-0.003763539800807365,0.35391785063888875
-0.011628284654091907,-0.01155356795021946,0.3461658482329489
-0.01271172807330887,-0.007752981157338254,0.35132916844160383
-0.0109751343990363,-0.001084069831948291,0.35599509183307676
-0.009987043697573413,-0.004928734349193498,0.3536557471225171
-0.007053338634909104,-0.0019268225665171387,0.3602520959162736
-0.004323622257110785,-0.12626512776663257,0.3613422831466532
-0.007170834934190694,-0.12491019763563765,0.35984276811373156
-0.006571894633186524,-0.1289382099066041,0.3569733333292853
-0.0050697120366735935,-0.13193471720813132,0.37114938868422437
-0.009598975026113742,-0.1283907915871989,0.34547864503694425
-0.022857057262527156,-0.1106875462359873,0.3454626409491607
-0.019975263527413176,-0.11019407545248336,0.35034436076646025
-0.013554565471676312,-0.12071650788356736,0.35664732668333554
-0.01882639669115846,-0.11381419141507824,0.34289758410017607
-0.015779214626577057,-0.1142496423007896,0.34410029605326237
-0.014913438820594956,-0.11780604498236852,0.3519491085466537
-0.011479685554010757,-0.11808088707809947,0.3544385955891994
-0.012799854229463023,-0.11480153696132218,0.34439376048539755
-0.010494192493954571,-0.12196832912490348,0.36557702777166734
-0.008457196613681014,-0.11839596060276726,0.35500326968477475
-0.006943345506515719,-0.12122002451351967,0.36355551702158734
-0.004883950198060234,0.008627655567006955,0.35088290568565084
-0.0023000267987659984,0.011414430162799897,0.3539101407781753
-0.003402046969190053,0.005624441243028748,0.353498480795339
-0.004119922665568837,0.00156032924838172,0.36153295798190394
-0.0014586303011623585,-0.13219389513552562,0.37140066783837183
-0.0016504914297517743,-0.13926021848108458,0.3564899185878542
-0.003726773105925531,-0.14275779272199082,0.34658179574770864
-0.005847498926653713,-0.1462539775862233,0.3092350010460034
-0.008120836287812638,-0.14978001207766858,0.3163473773829059
-0.022953477285332355,-0.04780764460116857,0.35485924515707395
-0.020783948574311623,-0.02400916168472658,0.35040999102299664
-0.016957025101407452,-0.017116214436933966,0.34926119006855266
-0.019028300979737664,-0.0201192969382006,0.3508899375117252
-0.01659993473741053,-0.0230152070365345,0.3537620248915964
-0.01583409452247362,-0.019906725932874098,0.3515777709470169
-0.010558218920422363,-0.015161810719601314,0.349412083378992
-0.013336141969909357,-0.017787696178913244,0.3502807913156052
-0.01739597050851775,-0.02659793908881438,0.35045033335283654
-0.02268145688446647,-0.041071202504046625,0.36114437596075866
-0.021062301203815352,-0.037430085391523996,0.3520880942959191
-0.021081685209096014,-0.03284839958009653,0.36213415697132406
-0.017239706111224124,-0.03496954933023543,0.36452769962654336
-0.017462506757374967,-0.03059258428711403,0.3541864359358278
-0.008792102167328552,-0.008747303332665055,0.3479852026410433
-0.0059135287841293694,-0.005898306771196055,0.3519885737277227
-0.014535856624541836,-0.02519013522723848,0.3565312081223302
-0.012821379785907056,-0.021752188851714174,0.35641535225872845
-0.00980730914619589,-0.01906285907842915,0.35223769721140913
-0.0029581913305813004,-0.003177381559664433,0.35101755573344856
-0.006790079478800891,-0.016204232328842032,0.3621525606424513
-0.007789082256569067,-0.012387403745882054,0.347494137700536
-0.023797734340019274,-0.059014538700932706,0.3550956097029449
-0.022499689912890388,-0.06879488464184454,0.36636032678237934
-0.016835754615812222,-0.11052967215970727,0.350650384603304
-0.022154324959379496,-0.10675781491778952,0.35614254764748926
-0.023501442722510212,-0.10177163861384791,0.35181743361924717
-0.02380131478416119,-0.09391861795462393,0.3569561943025577
-0.02347401455531531,-0.09817964101736261,0.3429976519188654
-0.021185228859468892,-0.09978547539199835,0.3487879768861657
-0.018265063392632726,-0.10691876384187396,0.3561242424092807
-0.014676582444687199,-0.1073395290465383,0.3560672197455083
-0.019735809031009077,-0.1028582987799708,0.3588764569249465
-0.0025782082648503108,-0.1287523657530867,0.3585847246702611
-0.003831406967493095,-0.12232925553425113,0.3632888101957428
-0.009276860355276086,-0.11493562304021002,0.34447824669448684
-0.013608104042614656,-0.11124337888615946,0.35034104822007023
-0.010771711316301008,-0.11248941477529825,0.3495593824656381
-0.016143448835594227,-0.10273329416584026,0.3656505104311668
-0.005025281140601116,-0.11860266341602885,0.35250423996354124
-0.002113904662680248,-0.1187871359140124,0.35324092405759416
-0.006413766063889341,-0.11515475860935734,0.3441272768481333
-0.0033857685040896046,-0.11526898900380182,0.3495085204365486
-0.007969781318694424,-0.11168129727072662,0.3522042195729122
-0.022094148426830353,-0.061477608721696074,0.35420273676543007
-0.021755700961181384,-0.06497806827739486,0.3540413470963931
-0.019841713024710998,-0.062052040231827976,0.35215484306529526
-0.02008999738890163,-0.058705149413817465,0.3572062279289826
-0.022420952936006166,-0.054926294768427836,0.35977322869926537
-0.020976466874883665,-0.05072748996129841,0.35480851713257416
-0.018852447384660024,-0.05415831441841154,0.35298145233101064
-0.017623988313870784,-0.0499335221422416,0.36256803403282206
-0.0010231143362246726,0.007800875565742984,0.3498053167451553
-0.004061907701420165,-0.1499449929334926,0.3433841459150309
-0.0019494656173046749,-0.14641695667473728,0.31703785307694377
-0.015393462523196191,-0.052829371594317734,0.3597281990233332
-0.016875289672968856,-0.03952244239690181,0.36031260881119914
-0.01995208384754092,-0.04115556170384589,0.36657176714573025
-0.021318704105506514,-0.0441433791182595,0.3684729874941129
-0.018089245171321124,-0.043145125015967394,0.3738670088868172
-0.019476859401974154,-0.04684046928526314,0.36746812134159756
-0.013992108342361946,-0.028478576913656063,0.3556590353198674
-0.01111521045427429,-0.025644413020216306,0.358005896793446
-0.011081305782602158,-0.02971989259736872,0.35745597813795715
-0.008358060292318725,-0.02770254828757556,0.3552381115461647
-0.014361305731822874,-0.04880323658816147,0.3679691530336843
-0.016394581912684503,-0.04610495198142462,0.3716204647162588
-0.013543453508390542,-0.036411713140879175,0.369126766329999
-0.015476469818884092,-0.04308247975139946,0.3658698304290303
-0.012498838861625275,-0.0411757933935266,0.3588440750767295
-0.013854427635177772,-0.0321801248605805,0.37930256520519784
-0.010349972781481434,-0.03355313880441464,0.3718340603895705
-0.004778749013822399,-0.009604154422493665,0.36307277133129473
-0.002120745164311856,-0.0068195248748093105,0.35005347325695785
-9.043682414927403E-4,-0.010575146709516552,0.35892455450207156
-0.005824800291309763,-0.020722701791902012,0.35829180553790635
-0.004999013109409539,-0.027675097736035333,0.35992069638029356
-0.00730880574964484,-0.02450776908640633,0.3653494621344422
-0.009450161014589795,-0.022353280791325297,0.366578844860456
-0.002905925534637689,-0.017086002751886455,0.368057355145035
-7.579933300336493E-4,-0.014089501649081619,0.3564907638247264
-0.003756242191658501,-0.013260323308278501,0.36437897174914197
-0.022316944214151122,-0.0909045651958006,0.3625460634254647
-0.020544123146513507,-0.09291737250879209,0.36572773708124645
-0.022034080681118687,-0.0722551568537216,0.3546946518454899
-0.02389183453228222,-0.07478675950647296,0.3779102172658204
-0.019502726137639856,-0.0751279967242663,0.36277072109354164
-0.02228624756033711,-0.07992444477150007,0.371244440746012
-0.022394248652288284,-0.08827941807343681,0.35367245735502323
-0.020596766849601992,-0.09016397004213225,0.3568404155291144
-0.01934600305413408,-0.08723287505429321,0.3410209598564962
-0.022739296186985683,-0.08435315857602257,0.34174071989352567
-0.01792719357803655,-0.09063058149001094,0.34729942339475167
-0.019972862273632316,-0.06806217000296619,0.35834088654031965
-0.01966409614291297,-0.07113278004535177,0.35707639690641346
-0.017239707661790605,-0.06909481451837175,0.358542232659594
-0.00473823082610329,-0.11173567366734982,0.3578273959789628
-0.010525281625916592,-0.10853693844694955,0.3553772148057025
-0.012413752628320823,-0.10375865715343298,0.3670425006995337
-0.02082194696375002,-0.09665109827244554,0.35789782504231976
-0.017565719403747102,-0.09511761251999828,0.36352153954986216
-0.018601392052231425,-0.0993826783968973,0.35768477740235677
-0.012721768371489504,-0.10015364745298366,0.36756465174560266
-0.01028200453892739,-0.1015316082438947,0.36796457326570586
-0.015610498167241495,-0.09881539169146641,0.3648743336027879
-0.007723292366554695,-0.10076293383708666,0.37139536702816117
-0.010238568603456266,-0.09833605145093202,0.3656747600651265
-0.008473972841465845,-0.10445662463237053,0.36938519810607745
-0.006569695851784005,-0.1082167848076606,0.36438653297883894
-0.0015106116715940488,-0.1120483290073983,0.3624397599775739
-0.017161632375557175,-0.07307632246625394,0.35646618632866284
-0.014860811365226696,-0.07082510290619787,0.3558159802075404
-0.0135143081358721,-0.09593711408037925,0.3590156586116911
-0.014978002252821795,-0.09249937492429589,0.3453552454363718
-0.010373768290054066,-0.09463541982680956,0.3488270448100226
-0.012392748338865339,-0.09279143705552927,0.3452469846718202
-0.012772526954215309,-0.09031672671658184,0.34704306478701064
-0.014606674780555686,-0.06699358157718639,0.36595604170241997
-0.01246355829469048,-0.0698269549595036,0.3609648001246209
-0.011836431217353038,-0.07297437654179513,0.3570064790666199
-0.0133444272546583,-0.0451087345966761,0.3630909787241874
-0.01142880869346179,-0.04769904283648125,0.36237767754474665
-0.016330623664537875,-0.057046382136373364,0.3593472306889362
-0.018060445884399322,-0.06501928189040675,0.35952231637316207
-0.015331291429790605,-0.06349484371417607,0.36796859684773153
-0.017215137428869362,-0.06121266340173059,0.3636932512976596
-0.013612336065074573,-0.06054552874558444,0.3645740113125466
-0.012930210551513532,-0.05591942724537968,0.36539292178379995
-0.01300827317478425,-0.06385237297116057,0.3656444342852615
-0.01217550435832638,-0.05158314034439633,0.36188759319029523
-0.009595064753415315,-0.05412856152927011,0.35841679768788604
-0.010551096088761128,-0.06270829154955149,0.3666354733563069
-0.0100875492568182,-0.058463062482966406,0.36386460875740106
-0.00904015913889667,-0.04992296043112988,0.3599638359112449
-0.007333968668490357,-0.030782475482392144,0.3583885178093928
-0.00929646971871768,-0.037875836154881014,0.3688949104145014
-0.010631738206278697,-0.04455454267950896,0.35837564131676486
-0.007889261005062743,-0.042170500042451854,0.36448031508318535
-0.008392355807267876,-0.04595644401573707,0.3594840912366059
-0.0066422478877727256,-0.03437019788654083,0.36015043486438936
-0.0053596476809148474,-0.03852816819341578,0.3630928620650195
-0.001237449091784292,-0.02147586948521594,0.3597515008759565
-0.004255057543065682,-0.02406463266401056,0.36440075769396485
-0.00441103948553468,-0.031480739600556154,0.362796716370084
-0.0022040489640797107,-0.028974596418618243,0.3649438332383801
-0.0016762928521640462,-0.02549097455752269,0.37499851363364106
-0.014063324910212074,-0.07421138683316726,0.35630854057624084
-0.015634520153138255,-0.07685741717508775,0.3600588807342961
-0.018002218394682714,-0.08016728558443738,0.3620473250590451
-0.019784331647513916,-0.0831911420474008,0.3580949737215598
-0.01581038101693718,-0.08855475743292475,0.34329708087834815
-0.01349025573020434,-0.08191844914656259,0.36152006121029684
-0.0164839402234371,-0.08435531778759928,0.3583332765502842
-0.013519180585731235,-0.08631892521992494,0.35726884662995345
-0.010835166812939178,-0.06657524026794326,0.36164950905975335
-0.010684948887044705,-0.08483250972706273,0.3607077804282747
-0.002921290767165438,-0.10828228482970459,0.37084513278984055
-0.005004470261833567,-0.10386488143244972,0.3739892617997728
-0.009796096101880878,-0.08879802586758981,0.35551421749013606
-0.010724646838537098,-0.0918291804293345,0.3467534042091358
-0.008035171175463419,-0.0920180563307889,0.35093205683334255
-0.007220888353874024,-0.09643746496100526,0.3523414379689681
-0.004952273404819913,-0.09349885857868731,0.3546085158783816
-0.0030793898775351635,-0.0968199104414003,0.35326179973309696
-0.002237872162268225,-0.09356713726602875,0.3618159043424631
-0.0048635034599480206,-0.09992540061377354,0.36217741104624446
-0.0018195817833459743,-0.10094755984668786,0.36011430608470657
-7.259805395354349E-4,-0.09247802681843462,0.3686219215013879
-0.0010557233111468279,-0.10445625867897558,0.36666306669353793
-0.011283665792850003,-0.07682396889889472,0.3599310820113796
-0.00923507378402757,-0.07453808247550119,0.35672716541725763
-0.009662210939161413,-0.0705455389084677,0.3574565397945959
-0.0059527327775413495,-0.07530519881849258,0.35430469800610326
-0.007126324941949072,-0.07199701335256396,0.35715314542959337
-0.006486499235728381,-0.05258336789283145,0.36784390505890935
-0.0067999650224930906,-0.05690575541307665,0.3577042596038196
-0.007301640594864836,-0.06808223156218907,0.36839495219912083
-0.0069744680158486,-0.06152948819000395,0.3642378103188135
-0.008353961164813094,-0.06470963502187842,0.37073797493658106
-0.006032560745524251,-0.06483577912342099,0.37562372242301983
-0.0037160175660881692,-0.054864861209142884,0.37385122149359
-0.00372939030267117,-0.05924441487610393,0.3581312665247582
-0.003702911018618501,-0.0634963312295379,0.36509437497259284
-0.0035755132137360733,-0.06742134212456138,0.37628901827768013
-7.839414997652413E-4,-0.05304121010213421,0.37113167965485205
-0.003584994931268241,-0.05072569053465614,0.3711610689248248
-0.006130605186712998,-0.048639428398892064,0.3640268766255778
-0.003390140609990965,-0.04286513853670682,0.3663086198447313
-0.0033399785451570735,-0.04689560103605707,0.37752015772273756
-8.45910840216689E-4,-0.04576556034320585,0.36715494251070835
-0.0058668332006432495,-0.04529798968732796,0.36963652197679847
-9.360257730258183E-4,-0.038927335638607286,0.36474368244862404
-0.0028474641207638525,-0.03496617024982993,0.361960207883996
-0.009243063167514429,-0.0817101271339786,0.3621974743717397
-0.007268906070880803,-0.08562798578568041,0.3642237521384293
-0.006200673746113289,-0.08973005392096566,0.36059646172701515
-0.0028137766534532247,-0.09129374864987468,0.3678344528522461
-0.004122218353929803,-0.08727201414095447,0.368663487769652
-0.001453562468972173,-0.08548477686675339,0.36422181829218336
-0.004559848806833734,-0.08291649048120213,0.3602388070047904
-0.007219755975574564,-0.07812405730880886,0.3568148905340666
-0.0029816428831739897,-0.0775525537001007,0.35751326480513274
-0.0019661360366234745,-0.0711676467035842,0.37473052534018114
-0.0010965686207608202,-0.07505106290702536,0.37062947246360406
-0.0039156684965968086,-0.07383258347758771,0.3634200487090488
-0.004810799955273922,-0.07075889609637864,0.3677180285222632
-0.0013028848807911189,-0.06527345176885037,0.36489046917212825
-8.355156079489632E-4,-0.04903524483441531,0.37982974427006755
0.008120836287812622,0.14978001207766858,0.31843066073164367
0.009899090605378306,0.14605050835777156,0.30286037191889426
0.01217380882911467,0.1495051784340334,0.3014317854433795
0.005895869169477841,0.1462172331794774,0.30370950789214857
0.00406190770142015,0.1499449929334926,0.34070468189836817
0.001915354022339301,0.1463515644604011,0.31514462462509446
-1.4046528372849566E-4,0.14277791980573876,0.3472864599064886
0.003732087858836003,0.14269521913361663,0.340095345744647
0.001637906864545066,0.13917650938526008,0.3599420396384892
0.007711215699120402,0.1426828916332905,0.330908015894587
0.005564455526265732,0.13924752226636647,0.351705588667199
0.01373686496674899,0.1456956676224793,0.2994364560627496
0.01621785276359126,0.14912069357315394,0.29283603919770196
0.01773533027817985,0.14529177172774566,0.29594256989000445
0.0202500020779935,0.148626839486821,0.2828502294321122
0.02169235794736774,0.14478261673564674,0.29445622290849566
0.011474465760348686,0.14234201279361053,0.32327123511640865
0.01528900028792672,0.1420007824732127,0.31997309241803035
-9.184850993605149E-18,0.15,0.423554459952886
0.01306445911126118,0.13868194782450136,0.33368190074202597
-2.700121115163228E-4,0.13568578468388195,0.36152483749427006
0.0034941301279474645,0.13574826450558813,0.3562737644771445
0.00706496228828803,0.13546373317360821,0.35370556852847085
0.009242765235373433,0.13892105831655122,0.34320956703998
0.02304643997219541,0.14094258582193173,0.31931613595136454
0.019153387145838877,0.141529462356952,0.31848933136483715
0.0205403196738408,0.13776951828735795,0.32859688442587753
0.01669138212394506,0.13824236812623922,0.3300968277047245
0.01441704395634568,0.1349340053990005,0.33967466522525
0.010892199123046446,0.13542395125985626,0.3440645723031832
-3.336089292453224E-4,0.12910308625268122,0.3618146280941827
0.0014941766824257598,0.13211227196019257,0.3595934992700283
0.005082141285622825,0.13189790787196662,0.35841530465755267
0.008692246894027086,0.1319589438949698,0.35714857126606225
0.021691621580735152,0.13403819375675535,0.33830775124310936
0.01811672222513439,0.13464813888835028,0.3364675666419352
0.015735101371458206,0.13120001519763427,0.34809553774545443
0.012257021454580795,0.13150539543777323,0.3539997020630415
0.009615305991277624,0.1284147087725344,0.3581005561785667
6.699279679450214E-4,0.12503313675621083,0.3623822109628598
4.978463137125502E-4,0.12141261706490773,0.3732715871784351
0.0026263899454584847,0.1287869637029578,0.35641965809474246
0.006597635160549921,0.1289312627023602,0.3572727851574729
0.004357518740360902,0.1262516840656438,0.3559004633829404
0.02294670858844274,0.1302214474281564,0.3397546054369301
0.01929515266293675,0.13064772586605572,0.3427726366950074
0.016510187154172875,0.12775996485114174,0.3596879786062028
0.00210229315230481,0.11874818988088606,0.3736891466779146
0.0038653602266481074,0.12231176041743307,0.3679944169592137
0.004989478278269545,0.11854012623041127,0.370264137223203
0.0033256471524794906,0.11525319391257845,0.36978482949023145
0.006895809715831938,0.12120254196806463,0.3631754995326068
0.013539109300565328,0.12838004005014744,0.3582489159461842
0.007189648692935052,0.12491931811782539,0.35230882495937565
0.011193380596855177,0.12577157812010764,0.35140832083094614
0.01054637343894408,0.12203265249439657,0.3501529907036937
0.02342887368041186,0.1265918131078974,0.35455509385458533
0.020467048736509376,0.12748400387962378,0.3535304363716792
0.01415423228262943,0.1243122547921137,0.3477664036321299
0.017952111232756196,0.1250702615944963,0.35623550534145554
0.020667142008183228,0.12345591268004649,0.35476482520991054
3.3510758630580996E-4,0.11539429910199044,0.36930121284184286
0.0014125520769246976,0.11208947829867989,0.370316727115468
0.006413281510753294,0.11511236005161732,0.3690172059363736
0.003074574412072984,0.10812695508521003,0.371649989738231
0.004875005487111374,0.11165629237516318,0.37105350022669686
0.008468253512441813,0.11842567931533213,0.36105783214143866
0.011503385680588672,0.11806028489836723,0.35270930678545315
0.009337071030709992,0.11488560532220397,0.36267893944278273
0.01291047903775138,0.11474651093155575,0.3506316418968431
0.013648352875973168,0.12066893580793803,0.34632061428621863
0.014941895248999373,0.11787490408678912,0.3452313328409136
0.017073634945739685,0.1211650592735161,0.3414582460770155
0.02361242854646715,0.12015839017285475,0.34744326444213713
0.019940348150114886,0.11969218746351791,0.34214674464603756
0.0010933519987239536,0.10448299516543667,0.37120165175176173
0.004975071484385957,0.10381011002740877,0.3715606945198696
0.0018456608681407616,0.10094130672779565,0.36684129897282874
0.0048837530864477615,0.0999207704815867,0.36924444622118424
0.015778058058245607,0.11429667685022116,0.3451210481446008
0.017742580335150436,0.11733289498604267,0.3426824565022921
0.010842018925963039,0.11229566083674862,0.3676886369577245
0.007948499571959516,0.11153761352755522,0.36980086462981543
0.0065936711457245,0.10822096635016505,0.36813993274793205
0.013699961389648125,0.11120832574958658,0.36853905755734834
0.016916418782232035,0.11049620533598534,0.36087119898991965
0.010679966349040462,0.10851780422718037,0.3663164418478588
0.02119505973287023,0.1167435963809401,0.34366078311608833
-4.3050640046919853E-4,0.09882662275784886,0.3647612641749793
2.5607937387034954E-4,0.09495611509338674,0.36418249705185374
0.008738488755369743,0.1040739218983912,0.3645015848973499
0.007857140918808354,0.10080412220083411,0.36399351423970416
0.0030706148137994234,0.0968384271499005,0.36808249912986796
0.007163878454440202,0.09638995194667846,0.370572428182193
0.01887156782269705,0.11375816937782988,0.34120584215961397
0.021702349212555903,0.11325524225343826,0.34135939292287004
0.020007135838721594,0.11011627658023045,0.35513589802722273
0.022930741609104403,0.11060804516379219,0.3500150823322081
0.01476252505874288,0.10719807223487043,0.36846896220846387
0.018305201639680548,0.10682196006183416,0.363910781631069
0.010256668977422044,0.10160106678877319,0.357485786003054
0.012363094103036773,0.10377650625621151,0.3610449252527465
0.010322753593647982,0.09830761039904909,0.3573347162059159
0.012798640265312146,0.10009983664062182,0.35460985876736556
0.002215466168920223,0.09355669985463964,0.36564089804813643
8.182285181889242E-4,0.09240904804249128,0.3642284802044025
1.2849862731981432E-4,0.08937239919327973,0.3598631732014104
4.2692033983279034E-4,0.08229948167141654,0.3572576543392016
0.010448235383910487,0.09441149089711555,0.3650438401861779
0.004986838228656616,0.09353217646928728,0.3686580752331279
0.0029215334335018924,0.09117133963541665,0.36675351458303923
0.006274556923282525,0.08984905557148445,0.370534385132781
0.004045957190528256,0.08727606589446356,0.3641710770203504
0.0014225421136029582,0.08549291389368759,0.358405359889163
0.008148569727901147,0.09200712433553847,0.37124224203859213
0.010759076844015553,0.09182473196367275,0.37043695122930265
0.012346131287915,0.0927816424090882,0.3653232216423189
0.009825793145215549,0.08887400896002015,0.3741286308779174
0.022291314521671993,0.10672046755996316,0.35890801592127763
0.019803577031061222,0.1027420132397945,0.3631204708467826
0.016086650010998994,0.10262480514432915,0.3614930383076693
0.01350861927913192,0.09593411098110209,0.35398270945415394
0.015621932447245137,0.09881160807285705,0.353626864306844
0.018682720171135293,0.09937280020413088,0.3604393450014362
0.02352447087228929,0.10184017571152859,0.3638274208252264
0.02118227924288118,0.09989766844238857,0.361356945733825
0.007485145186952991,0.08548493327935773,0.36780767028851263
0.004684557606192783,0.08292999054133791,0.35763743022139216
0.0031534014303799085,0.07758294535146919,0.35704379051210544
0.015111398989737118,0.09241660461051578,0.35869866923058047
0.012786792021086306,0.09040699977792932,0.3694580642014784
0.013486043592351088,0.08631332035647714,0.37199607858454437
0.010684120590869824,0.08481411945829502,0.37394768176870585
0.015985148190041463,0.08847032036803007,0.36895449580859047
0.017506978610857624,0.09499305158234313,0.3528891601107978
0.020925253364102118,0.09664555397744087,0.357939680776358
0.023566826083842786,0.0980852905374017,0.35783406004134855
0.018203827106291554,0.09054989604704063,0.35675424327509103
0.020600314771421196,0.09290649962953962,0.35394593581766826
0.009327204486124273,0.08173685363796923,0.3611128893624976
0.0072443077604409465,0.07820811541528402,0.35865236056633293
0.0059759630446003555,0.07532047525016572,0.35954425898646625
0.011614132021450495,0.07675608241658531,0.3600963096496295
0.003917302914508369,0.07387925071075567,0.35872770191335346
0.0011024430731833945,0.07510595223494275,0.3621758323190764
0.007126324941951971,0.07199701335256163,0.3591320189191627
-6.539931275070998E-4,0.07231712300759595,0.36715218616341777
0.0048581007259654784,0.070735993603663,0.36416085807354565
0.002010420435409991,0.0711893828060839,0.3656702929110322
0.00923252198704958,0.0745554042655963,0.3636243616562387
-1.463732748505251E-4,0.06846303412327372,0.3597399015678106
0.01673274110222173,0.08414029688866768,0.3711759189609341
0.01366579331052978,0.08192686542321499,0.3731832387515154
0.01942386321960733,0.08738994147643678,0.36725104661935193
0.019784688253826226,0.0831648781335194,0.37040746918116757
0.02063022906697624,0.0901251999759556,0.352093843729924
0.02257842516790795,0.08848375304141269,0.35103253378581917
0.02268990755264467,0.08432664361251731,0.37110268322169926
0.022332895320380273,0.09090414577715913,0.35275542863702886
0.01566396477875407,0.07697270116589022,0.3664384268795228
0.014085095127133138,0.07423181616651038,0.3657954670190431
0.017264920341631764,0.07310010746852469,0.36675930890430647
0.0198222823669566,0.07506979585847824,0.3694858578534654
0.003611166396750555,0.06737406147123787,0.366261060146765
0.00966882598344924,0.07054467174475237,0.35930848660461917
0.007274527856470492,0.06811973060137566,0.36867781720274323
4.120996801615675E-4,0.06187479459796137,0.3639349191301244
0.0013323369875313702,0.06526515527744989,0.3627252712558581
0.0037093208365597975,0.06344656008399452,0.36656721458490155
0.006012601213906173,0.06476417781876227,0.37251213092437635
0.011895180768041592,0.07302072761270367,0.362435934344353
0.012433571398604045,0.06981123508427506,0.3531332739622639
0.01971177941350384,0.07130805412307475,0.3605915028502757
0.014859643261874111,0.0708127286547356,0.35434235788437046
0.014656217727086755,0.06690881706025135,0.348232958320545
0.01722201445494507,0.06906257495990323,0.3477466664597715
0.01812406024364587,0.08023878149479509,0.37323749979625115
0.022025696997540607,0.07227388984219228,0.3649256658551508
0.022426609872401686,0.0799621516841974,0.36709000050953794
0.006952431608393049,0.06152821573134152,0.37528054222057966
0.003710703600523566,0.059244882293710104,0.3676084981280461
5.490587769098028E-4,0.05722121813446103,0.37232881646392396
0.010771871354787877,0.06659284104426046,0.36608362123333676
0.013006031515839234,0.0637797135497471,0.3654481540543107
0.010578018795507455,0.06270829482304285,0.377846515565418
0.008353888761507684,0.06470976445285472,0.3760062940282732
0.0224369450792662,0.06878181397998898,0.35287878466056766
0.019913493769096336,0.06805384364376817,0.34697631962251674
0.017998086115727667,0.06504817087898059,0.34708737299529563
0.015291789059681683,0.06343143782304278,0.3566554808285778
0.006860697176376178,0.056906433507625566,0.37424998790765684
0.0036503637132202726,0.05483980504571369,0.3612936745675262
0.00646726842362569,0.0526359654346175,0.3605969335414556
8.487422373124361E-4,0.04583729051597031,0.384776868668914
7.847030222796434E-4,0.04907751265551798,0.36928858804410275
0.0035524441162981405,0.05074996830641794,0.3633977699993649
0.006075746122434339,0.04872288375164297,0.3645234692004986
0.0033314088620653025,0.0469025160227155,0.36884316935083744
0.021794472946622633,0.06491304863665513,0.3475970553132167
0.01983715362726442,0.06199698988450274,0.34831591276066665
0.022067009926061993,0.06140418910114909,0.345335213484559
0.010133436905063135,0.058493764617025594,0.3728551134607074
0.01362900088016749,0.06030505121183096,0.36620794247694827
0.01725868691994694,0.061180915696392904,0.3547135254811988
0.016330572787233776,0.057077491272940366,0.3591051281533326
0.012909007653784138,0.055793980037139874,0.3628051216635319
7.520388441335868E-4,0.052990864148055365,0.37692664041130636
0.009586745030323314,0.054154657153729066,0.3667501289059903
0.009020614218951522,0.05007066514390841,0.35750873560637236
0.015367899475335954,0.052754516159103974,0.3717969374867838
0.018808777629789858,0.05406253135274963,0.36659207279046263
0.0010384860348647607,0.03898604331716426,0.3609895608955846
0.0010040200846374958,0.03169038504877447,0.35553440536960906
0.008353766793876703,0.04621229492137354,0.3718647387101863
0.005774646159182225,0.04555658659950079,0.3655849750351046
0.0032884841713850007,0.042988271903532535,0.37914006574100606
0.012128223174514247,0.05158687124381418,0.3659419555454482
0.011391345498014979,0.04773830837139106,0.3597144980156662
0.014385830492103659,0.048773321012197175,0.37073640077467857
0.0200861549280324,0.05852068197296333,0.35467461238104475
0.022416862329310023,0.055007412130800445,0.3611225469179465
0.01762648738966462,0.04998547822918714,0.37691842357499894
0.02095209362211506,0.050780981097854,0.37690565056212155
0.0030156104759078276,0.034909458872446175,0.35633943678819197
1.859070016901825E-4,0.01723321699132037,0.3600272396351141
0.00396683797560145,0.031230725134914282,0.35658617133284326
0.0018929829843873378,0.02802724047579762,0.35584727070145517
0.0015647539712704344,0.024519225576798292,0.35600263878262245
0.005365850552192797,0.038570828650246435,0.36075700208721934
0.007980286260808328,0.042264429395842344,0.3601681446814314
0.013366878652678217,0.04510470301969413,0.3528916703637743
0.010674376751446573,0.04455639641422545,0.3631554657474723
0.01245210137121847,0.04121839908439169,0.353692919667758
0.016441417502281133,0.0462177997475292,0.3666899761057541
0.019562186428579337,0.046867092644975884,0.36734675919254806
0.01546345454859288,0.04321743236230944,0.35534081512238014
0.016907235598639603,0.03962849612671258,0.35655287660910023
0.022953177591800263,0.047731320251089414,0.3701469928319951
-3.4471733903497184E-4,0.013758326798948069,0.35508265832571206
0.001593903710973912,0.010894507614385844,0.3528229930385213
0.006645477067721572,0.03437123027154982,0.3546092861179138
0.005225894539532966,0.028478252759264692,0.3563343516911395
0.004392213249110079,0.02513105621112112,0.35532373434416936
0.010288594180417974,0.03343772776918202,0.3495175181031361
0.00771122657788159,0.030690280241150853,0.35236311417634475
0.007836667337745325,0.026895468474225526,0.3560469691323104
0.006714932067674709,0.02349908283175003,0.3562900316305653
0.0034484643180758214,0.021261895057840485,0.3590694010270421
0.002132461950995989,0.014323752017379541,0.359854866345331
0.0049500037547096695,0.013025910045131654,0.3556140390707205
0.004369224139535796,0.01691105840168575,0.3584109622775951
0.009422601267331566,0.03780252508012537,0.36800972366431134
0.013515156824542032,0.036533453923088856,0.36152747230216686
0.01380517829943787,0.032114816275273045,0.350866335007389
2.833245413438732E-4,-0.1356746012611655,0.370728518713669
9.009665715281301E-5,-0.14288792676737272,0.3496159782052994
0.018094232867035296,0.04334742820546396,0.36394697499869166
0.02131068893691127,0.04421188637299871,0.3587574822537041
0.022676946387202634,0.04117092730803058,0.35165665050810485
0.019985784246829234,0.041281781184814056,0.3614209094878378
0.017320460831816143,0.03501063496225055,0.36413977576153705
0.02103822980892543,0.037539258959389414,0.3526514233484145
0.021146791217765,0.032814183112932015,0.3527481505974183
4.2017336260540363E-4,-0.12908136562611355,0.3636831098186056
-5.553898052119663E-4,-0.12506149756948134,0.368773170035991
-4.567724404636167E-4,-0.12142726282555359,0.36166500858861866
0.0024868578516201298,-0.12622152435828304,0.37461282064907914
0.0028125042379287066,-0.12242719876668562,0.36185422805779976
0.004361905011682204,-0.11863853540418294,0.35522645739204894
0.0013689459878896528,-0.11858773412681138,0.35550423252468616
0.0022868704796363206,0.007356858356396323,0.35485849682790127
4.1105846260312265E-4,-5.814566286528163E-4,0.3473399402809983
5.147427291096278E-4,0.0036837831802176736,0.3479727061374708
0.0047292402777944316,0.0049920934960559155,0.3459125440979987
0.0057545749321960575,0.009176953728766939,0.3626189652578257
0.010586921552920202,0.029685826064368172,0.3553108518124484
0.009630687145122267,0.023648543892187093,0.35437039845507284
0.014254459553023843,0.02833199331461556,0.3551894800458913
0.011268805091886215,0.026678290831591418,0.35897011835910747
0.01345002760449708,0.024541781289890735,0.3543388020449333
0.007982050479429589,0.02001135409446709,0.35226355565795175
0.011528810945690374,0.021488891187015448,0.3525057033449954
0.012086619506301596,0.017776013863298096,0.35471962601764123
0.007934802688643166,0.012278481366654034,0.3624302992616362
0.007803067563261266,0.015374830467530359,0.3570778181706075
0.011080759301929668,0.013381577713937035,0.36037085307797295
0.016733758155016504,0.02675581841042228,0.3540949240324585
0.017304414915514814,0.03039293131992063,0.35124920378630486
0.014516795233321056,0.021071607721145996,0.34927178975628775
0.01681011218982758,0.02367200975921891,0.3528454137042553
0.01590368101755621,0.018459300834217245,0.3497258552979153
0.020459108390577057,0.028340394032767863,0.3537294653482174
0.018451746090115243,0.021089073394681024,0.3496808760513327
0.019942787254200824,0.02462439346798849,0.3528080245800991
0.018703229519216387,0.017409873934425044,0.3509239491211363
0.004357629946958156,-0.12869514867290402,0.37532050115740034
0.0021768358229960045,-0.13210005935701663,0.3700866618515546
0.003946387470365089,-0.13572082395155544,0.3710131367722307
0.002093738191815568,-0.13935387767207338,0.36494679377141687
0.005758491454954814,-0.1320712576564592,0.37292304673218024
0.004019256590435745,-0.14271976123194305,0.35910126815551746
0.007657312937961869,-0.1355007719787504,0.3719078348832325
0.005904654622053791,-0.13916880449092459,0.36980055840044196
0.006356771666514334,-0.12495881516645675,0.3647208316048185
0.006223958290494153,-0.12124087867132169,0.3560284239614259
0.007441919989955409,-0.1288402345395296,0.3715833007452081
0.0021032648711110298,-0.14635637691018205,0.34091845216470945
0.009329128491867565,-0.1317468693335067,0.3710347204336441
0.011305638019907086,-0.13531326105913763,0.37112578403885205
0.02339240697740945,0.02596862910670874,0.34659986404432575
0.0010729722960803089,-0.0044952237081985515,0.3535262571444506
0.004067379837769018,-0.0021652220862730972,0.3498937298344767
0.002670492843611619,-0.007289311845013778,0.3601428691412009
6.204403133968058E-4,-0.007713130156512932,0.3569466246931743
0.0020307036723373243,-0.00932406986072575,0.3594954911136409
0.0046465660622522905,-0.005584513778839892,0.3629107640209886
0.0013350122398023885,-0.01696501601790432,0.3574782719986139
0.007855239879891117,-0.11840231150225966,0.37044308751003463
0.0031481036403481328,-0.11525082074821795,0.36105148153430205
-4.2956127028712386E-4,-0.11545729470977151,0.35416845885365866
0.0013751412709678164,-0.11287763150518647,0.3657296212691585
0.006056767642810229,-0.11516328549713191,0.376260034623819
0.005122010173188429,-0.009215770286401167,0.3632595421546774
0.009808615277524019,0.009750692476712132,0.34691899692305467
0.008341324597405502,-0.007140389229348386,0.36275480831491175
0.006789897211747665,-0.003608049800670635,0.3565963673545475
0.004011942805794277,0.0012070442584036557,0.3498459683880207
0.0072506972589467655,-5.134623557218347E-4,0.3527546750728425
0.008946278548329339,0.005783208096530622,0.3428686677218641
0.006925655320144848,0.0024938695168579914,0.3501782491348238
0.01221845635784942,0.007728943839906734,0.34405864476278564
0.01563515008939237,0.014775112060320226,0.3492449299310873
0.019534955143432592,0.014601267680540809,0.35193456182624655
0.013474273395699158,0.010706675690119894,0.3468262287951181
0.022098046362793774,0.022509051263175997,0.34981186000689385
0.02155052095374019,0.019508513397760645,0.356025485176047
0.01023797273963654,-0.003090531815915874,0.36003671224972383
0.010649948867625134,0.001464028461271205,0.3550220512346707
0.022620941862070167,0.016651687564655602,0.3541395044704811
0.018469039093070103,0.011093241105513336,0.35082224069628476
0.021995820872292307,0.012994548472849303,0.362217473504211
0.022288010548813533,0.010063588291126926,0.36095456416611366
0.01195353346777506,-0.006853191876743644,0.35706118638858403
0.00945262264124237,-0.12207435905508987,0.36022143991975886
0.009342406595717641,-0.1259596511177589,0.36215456752354347
0.007867796836739218,-0.14266506737998272,0.36377064910344464
0.00406190770142022,-0.1499449929334926,0.3404235167559509
0.005976116990325643,-0.1463227185748659,0.35071748468790614
0.008120836287812693,-0.14978001207766858,0.32064828175033266
0.009664349370844556,-0.13904206135419947,0.3723289877880766
0.0117430683337778,-0.1423389410366534,0.3696069667681121
0.011341031774454911,-0.12825926241320346,0.3631758505726855
0.01298693999655913,-0.1243794833314218,0.361331584161898
0.01337495695544832,-0.1386910073879304,0.3730284846206379
2.7554552980815448E-17,-0.15,0.4895333343049675
0.01436068888436882,-0.12829551468685427,0.36101064395947263
0.012879946112864082,-0.1315540259992014,0.36474015284928574
0.014935815669766477,-0.134941672047592,0.3660473720847171
0.016432291478243804,-0.13109684639528052,0.36294591911123814
0.010759133461802833,-0.009692128610310874,0.3618840214858348
0.0028156835139143297,-0.01281070412672193,0.35625913983694446
-5.423603175370886E-4,-0.0316039121679854,0.36568017124625646
0.004615430449255847,-0.01653041853646583,0.35591863977018007
0.0081811082493536,-0.011047146649887048,0.36924883549269377
0.005883095817655821,-0.013005695500120944,0.3667414977425925
0.0035349457542920887,-0.021123994717685918,0.3583178424295452
0.0011131872392269244,-0.028030147821389052,0.375006692839912
0.004089767875481045,-0.02874653516796053,0.3666919341360841
0.0038767085574851166,-0.02522922555055905,0.3600938637330562
0.001091514276603469,-0.02439828870050849,0.3647971411097249
0.012662525615625135,-0.12081438492945029,0.37627619557303565
0.010771129200761493,-0.11829229072405514,0.37994980315104193
0.009108867285317615,-0.11496189190657236,0.3824766825545148
0.007400979128390595,-0.11158181639499172,0.3765271164678012
-8.089665661282197E-5,-0.09516451989110955,0.3630052119563723
0.004195102691681719,-0.11177761626204116,0.37761373125379766
0.005235012838190918,-0.10837925088967533,0.3650439503862138
0.0011417140023493816,-0.10902424690925601,0.3746430283512376
0.002872429552556632,-0.10473543245493058,0.35978896363750285
7.578086295925104E-4,-0.10206923363883215,0.3577991463872023
4.643404717556763E-4,-0.09890883711228615,0.35512420907353975
0.003174772298110625,-0.10102323361926016,0.3572870752251056
-2.567021982735156E-4,-0.061980394525976444,0.358224351778274
0.013919280095994857,-0.004365977496663575,0.3594009117591567
0.015943342767511304,-0.007240397981727959,0.3564122663518796
0.01576561495435846,0.0074457659435363584,0.3519745102950575
0.013792290069991275,-0.0011755552984983807,0.36168119253980796
0.014472533765955248,0.001820904910544968,0.3591998989540629
0.016734167047754368,0.0040674375686777535,0.3565971765648594
0.01291269698060593,0.004621871397055066,0.3572189619049528
0.020412398458730486,0.0067919374051487865,0.3555959786308245
0.016937311863398925,-0.0033601032024184437,0.35659384623684054
0.01741524575214028,1.676672707184892E-4,0.3573500957050168
0.021373261825332016,0.0022668288495366297,0.3668892728419034
0.014047859599344919,-0.010112877405477227,0.357749952188584
0.009983374146251578,-0.14601727140830922,0.36784856048419784
0.012173808829114641,-0.1495051784340334,0.3400727085549324
0.018538176395607706,-0.13450872561101807,0.36664569264811225
0.01712368707999459,-0.1382863287596895,0.37108794216056057
0.015575623483105986,-0.14202250122543805,0.3706560943746409
0.013897503352097268,-0.14571976306433054,0.38004585911397415
0.016135978583109962,-0.12520211930187064,0.3665544847500775
0.016025099425776547,-0.12138847250104232,0.38085708942443114
0.020628568168135745,-0.1168859547048675,0.3668569865849422
0.0184754276122175,-0.11384728106888668,0.3621452148196793
0.017165918521335484,-0.1174684215034361,0.3769144710264524
0.019886321428765463,-0.13074061793420808,0.36624563157006845
0.018222644979064413,-0.12752657621320002,0.36517810600687145
0.021316135568937966,-0.12731139250583867,0.3748687641462389
0.0024985533620983345,-0.0315671602234425,0.37079257178433206
0.0010099808220938656,-0.03498038195433665,0.36181628915479586
0.006379435419389701,-0.02350664310408652,0.36790023234175795
0.007183939792786213,-0.027176008569559273,0.3653016137945792
0.011445494022778177,-0.013163188165696553,0.3704267684416964
0.007962458083580103,-0.01999452853912895,0.3612440546195889
0.012122089234345587,-0.017942486511545647,0.3689070388626866
0.00843590434236247,-0.014836519776001027,0.3725728539331159
0.006343280522623822,-0.031016212714237292,0.3703735741239886
0.015690740324500276,-0.014908433687005812,0.36190045933065507
0.015762374190158576,-0.018908703373962575,0.3620824091427152
0.009270896523605573,-0.023790401414038626,0.3701635657571392
0.014209068177660043,-0.02138851836689382,0.36141965096955203
0.011289128695392022,-0.021663290212115684,0.3625289316181556
0.0033187516211208037,-0.09666096436497938,0.36391966618577687
-1.4460189707607895E-4,-0.08937412573788507,0.3670348633161665
0.001957632848489233,-0.09236234410578943,0.3670670872450685
0.014168452128600337,-0.11775500671647642,0.3801657947287556
0.012089672131927407,-0.1147914266205982,0.3769735373012995
0.015610280667019694,-0.11425574181909941,0.3687705228959079
0.013571807515188895,-0.11206912753817524,0.36568384064937853
0.016256633165882477,-0.11067283568199215,0.359837672439491
0.012939500133511956,-0.10827895421092741,0.3592591265057613
0.010666677153912965,-0.1115451333414072,0.3693133867852241
0.005967807394075961,-0.09986071930429104,0.36161522025357057
0.006234890651248549,-0.10384659572952055,0.35713000421256963
0.008845551693034671,-0.10798885956819677,0.35890260241449073
0.01025439260880509,-0.10393704738664288,0.3607673620280328
0.021549747069430938,-0.11330575164839046,0.3573416148814795
0.016868310591004354,-0.10716910807683298,0.3605349310769341
0.019363830917342027,-0.11006809904856904,0.35918460802075103
0.014178452323134146,-0.10382977640894615,0.3614938116010579
0.0074164495571477146,-0.09659586687716207,0.3628840236816017
0.009145726452890265,-0.10057801438301353,0.36257110528852804
0.011785644361666108,-0.10139342995571589,0.3627348278525479
7.168534677918857E-4,-0.07237822482578982,0.3750915497841905
-6.625070322892413E-4,-0.05733180718559526,0.3732488087098276
0.003168697548826863,-0.06353820180368477,0.3599511898964231
0.0026837858184922255,-0.05929866895081579,0.3721371180731663
0.002223535163883362,-0.055009366416184056,0.3655217272088269
0.001033344701446026,-0.06511422674386091,0.362553478472115
1.0980984590131016E-4,-0.06856451829802578,0.3728520262543646
0.0028274466153875863,-0.07089172489991881,0.37478504869812396
0.021389890025218173,-0.002360504661282967,0.35820780052021217
0.01840812657471396,-0.011148080954805763,0.3550203043919288
0.020352509412601655,-0.006923670597678687,0.36660101286115715
0.022015613572830446,-0.010409355513828964,0.3657814520516197
0.02179724727446913,-0.01338225430849399,0.36370957481046157
0.01934713441840924,-0.015006261542696863,0.368792433745412
0.022083242264468745,-0.017286727257745143,0.3744663910453431
0.022608677170506086,-0.10973535642951547,0.358227653078133
0.020378694452045574,-0.10639681921447064,0.35816691597758393
0.022266262941489586,-0.1339674771869958,0.3703657955241446
0.02081761058559964,-0.13775542889332013,0.3723542808541089
0.016217852763591233,-0.14912069357315394,0.3615141067150376
0.019398619597883766,-0.1415067553878874,0.37124569791651635
0.01788295416552343,-0.1452678229013164,0.38385697583350975
0.0202500020779935,-0.148626839486821,0.3674067380911353
0.02321454355430595,-0.1409654928835252,0.3714329980185354
0.02344243128113209,-0.12991635514709823,0.3772930539726107
0.019816143035866377,-0.12354982692694755,0.3814682153613245
0.01928891862173765,-0.1198617947388776,0.37908272182826946
0.02289523381880526,-0.12418696742341843,0.38405231019750585
0.02257198285956612,-0.12035363595300864,0.3772016578436719
0.023504821949896212,-0.1164795391028454,0.3597773703369431
0.004979357292068741,-0.05285531373698445,0.37223081045495937
0.0019515329931379312,-0.05082300504129447,0.37700969080575786
0.012757680709970885,-0.02496465968655369,0.36757204363228885
0.015790841749725268,-0.024313219628213163,0.36439692399470747
0.001737564762659531,-0.04697044760167112,0.36534660208531955
0.001261157765642615,-0.04299287671461419,0.36343095780543605
0.003054063011276668,-0.038679620643529276,0.36588894269782585
0.0047225251121195844,-0.0346917926429169,0.3690932415784971
0.015494285147681048,-0.027722032779451396,0.3668622032883326
0.008452241372067263,-0.03389747417614903,0.3699533305754587
0.012780468073541905,-0.028911978586219803,0.37261556998932294
0.01209214374543086,-0.0329778851408359,0.36609634591326395
0.009189842987358943,-0.03039323893529862,0.36875953673296885
0.010156337982731387,-0.027238140199435008,0.36989294014914353
0.01788220577096473,-0.021621827735609358,0.3619499654596136
0.018714872240775223,-0.0254768827274763,0.36468162375058505
0.018412348676864802,-0.01781326748802782,0.370810954875545
0.020614253022076482,-0.020433362236399362,0.36967135432979575
0.0019972464517097493,-0.08591230503227495,0.36828036963760663
-3.268330191365223E-4,-0.08214818837787959,0.36521692617057416
0.0012350662907763094,-0.07838915334019922,0.36542676573589966
0.004437981301213767,-0.08286631168685568,0.3681807616458257
0.0052666593175056346,-0.09358544212688995,0.36477135115257603
0.007840865130789609,-0.09329546254539088,0.36774934409724697
0.010120628859829794,-0.09459964731536338,0.36667432756718815
0.00922484975731313,-0.09191620870463256,0.3716658839125272
0.011881673640833455,-0.09158132257876822,0.3730231051698438
0.00949356479436581,-0.08885164210347443,0.37432967841025305
0.005354380854410877,-0.08719684881002514,0.3714662714203549
0.00781422519310035,-0.08515373518857275,0.37259303932862675
0.003614957371178754,-0.08982011416829233,0.3662915573731081
0.006957156354618413,-0.09090291538229257,0.3706057848431446
0.0173987739448393,-0.10266779773661243,0.3582003685313141
0.014112322061690982,-0.10006155461853705,0.35895191090430373
0.011186309017995178,-0.0982945234988156,0.36066676302953243
0.013668024506630638,-0.09576349165779315,0.3655073046603445
0.016729390592130047,-0.09869915312162385,0.3614547302038202
0.021469002015796903,-0.10219993764858631,0.36034155255628725
0.004095344755143863,-0.07382805392167945,0.3743405679038126
0.0022282358920668343,-0.07548769808982703,0.37507487683978513
0.0037903247235376867,-0.06737327648773597,0.3684231491916287
0.005758109152110329,-0.06502666298873436,0.36180465341595935
0.0065839403236794,-0.06172767764259234,0.3743927198856252
0.008088747550405806,-0.06460543017400235,0.37037345094052987
0.007599591359850287,-0.06807335042019,0.3624898280984677
0.005653716970820028,-0.057153283699832025,0.3627997057152567
0.008188486433008678,-0.054395459140342495,0.37025239742983246
0.006886002136070793,-0.07478027997447871,0.3793757503381841
0.00595645672527148,-0.07113004439504231,0.37699678083822624
0.02106817265399365,-0.023745059842870602,0.3669788674227595
0.02175537414191838,-0.14477189213644096,0.3869841446670643
0.007429911806128232,-0.038267786478840486,0.37488620755978236
0.01067154825601122,-0.05194071995935971,0.3723128061632383
0.0074458715974113614,-0.05031217660426006,0.3710431335119986
0.004504633740440696,-0.04881543171919341,0.3679775224708938
0.004083360477377539,-0.04563345367391124,0.3629278951808299
0.009750193761398136,-0.04805854849847378,0.3698197629028308
0.006814144939891122,-0.04651994880592069,0.3656603205016941
0.013850198531897314,-0.04373385537178605,0.3832875908070404
0.011791104132607848,-0.045519164524016095,0.3821109024622073
0.014881755210006013,-0.04674134455227393,0.3813157764790139
0.012831135771062386,-0.04922405338737578,0.3726415772071066
0.021851142017866466,-0.027268471098887418,0.36406616884115933
0.01122618636481797,-0.03718284054928361,0.3660646747266279
0.015528436196686883,-0.03148552868138059,0.3645213720527241
0.015009848199986792,-0.040347415889133625,0.3656435157021116
0.019223450160520395,-0.038527136229039645,0.36792666688369174
0.015445549951670252,-0.03580687108502186,0.36916306073065414
0.01910459417903038,-0.03391947655520136,0.36858767912032514
0.018820611604475693,-0.029578849793301623,0.3740210039636707
0.005942718856783735,-0.04259708450994451,0.36982706648088554
0.008980610110003817,-0.04485352033177413,0.3751197688854124
0.015295837339197945,-0.0924441593812419,0.37341090139259375
0.01325228901210992,-0.08889517158933888,0.3764671851979193
0.00537859610238975,-0.07742438851244299,0.3777551755500446
0.008509609903391138,-0.08177146095656691,0.38099739788433756
0.009715070247830476,-0.0778450153190023,0.38345061555554394
0.01124986160872347,-0.0851712467601937,0.3784494880968581
0.014746592361253861,-0.08612260500686857,0.38148341862064633
0.01675305284591444,-0.08967311463390701,0.3820444170466066
0.02001835270671859,-0.09900131157870562,0.3622970263694851
0.017791126260037957,-0.09524746095745397,0.3693993864597505
0.017902195058514137,-0.09187813320968202,0.38050708882270445
0.020403818560965258,-0.09297541505945846,0.38105086852366776
0.019160707795209505,-0.090433217216643,0.384131014885663
0.022696791447147504,-0.09953996830647693,0.3663816114552918
0.02177363372250598,-0.09645564137057462,0.37418739734943224
0.010348389980964455,-0.07482309163161399,0.387616983858264
0.00854750635071499,-0.07182037069093089,0.3792961999355191
0.010512957423371596,-0.07013920173005479,0.36482611658665326
0.012051754725859056,-0.07294545425402309,0.37728420926569933
0.013350480223564581,-0.08193189336014026,0.38413608934514
0.016975118650332754,-0.08380975556541649,0.3836775445347729
0.011001846235133002,-0.0666068328190545,0.3690905641231712
0.013375056447316822,-0.06992823410244078,0.36642400988156454
0.009153311910447407,-0.05863993474831391,0.36089665566825174
0.011739085524782809,-0.05621787117917531,0.37028613361994167
0.010113742495138446,-0.06283046092917005,0.37122300741871395
0.01726517999028048,-0.08040108476328502,0.38461764944177096
0.013809481019425406,-0.07637695311485196,0.3878635588066799
0.015017855347647569,-0.07360412912477604,0.373781667898299
0.018116798599097074,-0.07642260307888998,0.3754004934690895
0.01627614232346069,-0.0704891264633961,0.37335524452758645
0.0128077574541785,-0.06406374763802036,0.36942595305326936
0.01408381321083904,-0.05319915886276735,0.3772104806995475
0.0166034856151873,-0.04393405351537381,0.3721320083379615
0.018474165720543747,-0.041990539028495234,0.3638433303308605
0.01985567249132754,-0.04482176222533361,0.3658110193515607
0.010484703171589843,-0.041697375458618034,0.38400773218866036
0.018110087963060927,-0.047518354666108736,0.3777137766859479
0.01626337161723595,-0.05058901689047852,0.37325777170058744
0.021331202039172836,-0.04192993766476485,0.36789624105347557
0.023295810125736012,-0.03623694285026339,0.37655732555057325
0.02288951985680059,-0.03971936288566828,0.3727101662798065
0.02286465916143319,-0.03154839546795438,0.38203429551653256
0.02213184534795429,-0.08005984385487896,0.37121971860404024
0.019064685149203207,-0.08731552778998324,0.38356462609710323
0.02036025606072318,-0.08342421870576246,0.3791761389441907
0.02174753733003095,-0.08979736614926434,0.38135367720727226
0.02278957363688558,-0.08699043077641196,0.3758911963356714
0.02158179455411406,-0.048457922855604026,0.3754284016253205
0.019698685109532186,-0.051382090079705164,0.3760179677085406
0.017760508458324963,-0.05465799853932995,0.3814829332101031
0.014875724912123595,-0.0669100610541557,0.37424769004681474
0.01510507458747415,-0.06344858700371876,0.3640081074807916
0.013242638612965884,-0.06069316830032095,0.35895026857268325
0.015443916971990134,-0.057297891076739126,0.37997069227771435
0.016863404054073237,-0.061391812991509004,0.3701316487532114
0.018120692752424106,-0.06500398021838079,0.36855514596455013
0.018037676535160172,-0.06859288939700459,0.37535588396610226
0.01840306848807289,-0.07324444432042394,0.3735387208661831
0.019864919998650976,-0.07127876331018143,0.3758206105147761
0.020880956587461173,-0.06806672742107797,0.3720775798942522
0.021775814961101057,-0.07449805806412414,0.3740450797121792
0.019717681017479633,-0.05890598404204789,0.38406483159293225
0.022014322054548858,-0.06489484179639216,0.38201644139360397
0.023134188527848914,-0.04536399385844462,0.3697119942471521
0.02359817236853651,-0.05238789084736036,0.3816123905350772
0.021815116555989122,-0.06140970237612228,0.38355703107771827
0.023331461386831804,-0.05923488260446917,0.3753945688817851
0.021506692184776334,-0.055315996344367936,0.37620536674164445
0.019617448906334125,-0.0622814503524483,0.3752166370890029
0.022813424586162187,-0.07159508610160017,0.3760459723335298
0.02426729948291471,0.14802397838122894,0.2759773331453507
0.02556184276374498,0.14412552521423172,0.2938399452258575
0.02826679858174773,0.1473125524113234,0.27048973318553676
0.029448064869700766,0.14336372793814056,0.2905931167343423
0.03224556603165358,0.146493083356513,0.2679751534532833
0.033324142048596794,0.14251218137189625,0.2890765284503776
0.03620068369495583,0.1455661722379817,0.266777593979197
0.0268135209605205,0.14027005516817445,0.3182911167108382
0.03057775921810719,0.1395100593586499,0.31795469975305873
0.03713208119733103,0.14155669320611797,0.2874420647242682
0.0401292507793831,0.14453249887788347,0.2655300478917965
0.024329701349218177,0.13714697417916197,0.3308688234964232
0.02542007422505372,0.13338585721497445,0.34110347727122786
0.03428136997729435,0.13859194189034865,0.3211967421126099
0.02795481965156688,0.13645202948578958,0.3317291141457823
0.03155170499624535,0.13559513325636377,0.3335784850650851
0.038068394638907446,0.13761940551854843,0.3222639842847765
0.035254179327455205,0.13474682311304995,0.3381032871848237
0.04096888221181884,0.1404833643739875,0.28167162854756395
0.0440283859655902,0.14339282140074175,0.2587529527572065
0.028866248130434195,0.13254591299902718,0.3397090740659092
0.03257705344105579,0.13182175760611192,0.33552781176590246
0.02628371645825949,0.12938373899594643,0.3386251502939541
0.044824085300706445,0.13937811684272297,0.274081154980187
0.04789522952039698,0.14214797567742038,0.2508825078463359
0.04175397596383484,0.13654289019318858,0.3196261499115369
0.036030728191425214,0.13079430100742126,0.33425555667437107
0.03884978817941317,0.13372499679136146,0.3401337195138614
0.02981907054626264,0.12869863543815802,0.331300350554264
0.03335119013267892,0.1277456811120234,0.32550294362545906
0.03677963741961058,0.12689270576983602,0.32788159136522627
0.03414927447953353,0.12451061889041355,0.32681780571056634
0.02723144301699258,0.1261939952129707,0.34914543083638955
0.030225539088998943,0.12526528871191875,0.3414405708496566
0.02460335561018593,0.12377899372507888,0.35847810585025003
0.04250731496974253,0.1326683840857175,0.3389918980022042
0.0455151444302071,0.1353602454393863,0.3174288908263085
0.039638549154076975,0.12983861946692804,0.3302557290059566
0.04303324124088269,0.12866232029139352,0.32951717542612297
0.036974012032778336,0.12336117523282593,0.3254119814982075
0.04014330267626828,0.12575202443025407,0.32672217647900265
0.04078159333375106,0.12251795820323017,0.32761159276569557
0.03788322114944648,0.12038209775729455,0.3306826587565388
0.033937586150856326,0.12044428052995641,0.3441332257269271
0.03137695871391344,0.12232916853095514,0.34464309287125205
0.027448997557064703,0.12203742043183016,0.35662071121122063
0.03008395646252455,0.11860715575930192,0.34936041571917803
0.046101440955730696,0.1314252615458379,0.33432509485194073
0.043594950909425896,0.12470596118316761,0.3277582339309155
0.046653711286672235,0.12745602450054364,0.3335276415926951
0.047005204038983096,0.12333647952387528,0.3339723648289152
0.04357160527250087,0.12123976892097829,0.3298617173008811
0.040504041965320356,0.1183080503920308,0.3347807683037254
0.036467468653790004,0.11690366555870603,0.35073472216745066
0.03275652684136878,0.11680816414238512,0.3526218481965137
0.026532852500945916,0.11844851747551283,0.3470165031283292
0.027550616001121613,0.11560383667547881,0.34931691497667905
0.030347819851431916,0.1148062501281473,0.3493303593913201
0.02419670984427657,0.1161422020146003,0.3452978284442421
0.04446553367494762,0.11823630169486035,0.33783711844393155
0.04740291286731944,0.1200182769185174,0.3328911119056804
0.04268341196572156,0.11471944518023588,0.3400697664586486
0.03922192857427137,0.11491584022314165,0.3453662948486363
0.025092509663499664,0.1126235911451617,0.3402038595496632
0.02798548278293542,0.11185204827324978,0.34118485772088847
0.03101942151709909,0.11104407781454995,0.34267737584458396
0.0366118640147854,0.1128348926512705,0.3473525776725456
0.03372503671450847,0.11377160403343851,0.34969785590730584
0.03381491726425635,0.11027447401346697,0.34275846177542957
0.03727170409145455,0.10927065933117078,0.3431297570440058
0.04679754256194544,0.11598508070613442,0.340504669180972
0.04523431108335838,0.11256723642992776,0.3383492461584791
0.031811923113707063,0.10721011319119508,0.3403026364882957
0.03472933994069777,0.10734011624395583,0.33818724908909703
0.04257910287870173,0.1107326795016686,0.340162114149602
0.03990743465168856,0.11183395867747586,0.3436857006064343
0.039966853606393835,0.10815556666805766,0.33958663049660603
0.04580688557861009,0.1094650400984471,0.3405973640015612
0.02540060828187456,0.10919459914174663,0.34987029646582074
0.02873021713761601,0.1079371316216183,0.34690013429455685
0.0262622380011548,0.10498574007164277,0.36254898235543753
0.02708128324373145,0.10034513268863675,0.3668872585906775
0.03724990729202562,0.10562063608344263,0.33746067656488205
0.029765460047123982,0.1041811535416739,0.36054336006095916
0.042946019502688663,0.10700205604976745,0.33664469462892277
0.04557554650585159,0.10592354223951186,0.3382416976046249
0.0308108769613586,0.10000353237785632,0.3663926358651825
0.040245425346932075,0.10419479363516324,0.3370074496259075
0.04322087247971167,0.10320566004322781,0.33970895096369064
0.033745772577738066,0.10370275208696181,0.3464801261029761
0.037461361977085605,0.10157750010817412,0.3465207382948941
0.04087854867296182,0.10042428049696914,0.34171040118145646
0.046185584959019706,0.10302000787516152,0.34472653930671115
0.029336162572746793,0.09677441709236012,0.3612771632175021
0.02620700974416648,0.09654815350808739,0.35538022033307176
0.027727522092981332,0.09257396101533232,0.3539725291079549
0.0312372676477324,0.0938003564836513,0.36151417212830084
0.04472035369525796,0.09943274932844827,0.3363136430534199
0.03442681513172753,0.09869164660457629,0.36153635731261974
0.0318795417721366,0.0970000840575708,0.35937354762345675
0.034031229548771816,0.09498319970539701,0.3555790754636307
0.0414459815391619,0.09608432733591203,0.35650254976752654
0.03780330361003529,0.09683478101388829,0.35865531999950395
0.030500048569270563,0.08993494865409282,0.353569647145829
0.02772923131452643,0.08808898141443786,0.34643991598321316
0.025410778055780226,0.08636543469040606,0.3480081068617727
0.024975336458166256,0.09027364815331332,0.3512961165322031
0.023803986961515592,0.09389081942270219,0.35484665942095595
0.039448227167765276,0.0930152970602266,0.3537840731858126
0.03646387251629382,0.09314762271563243,0.35270133156765643
0.042135199089533344,0.09294490143138148,0.3507448248194913
0.028758396398710376,0.0847580840225508,0.3396798649458233
0.030245030674375072,0.08733251298154565,0.3416403784332099
0.03382355798524162,0.09077606297295542,0.3573679356356099
0.03198231274309831,0.0855362038346971,0.33785271150910073
0.0320047091157771,0.0879500418566392,0.3468441188393021
0.0449595404487991,0.0943914222214731,0.34729097261537945
0.047925641859370115,0.0921457705341204,0.33917046716594135
0.03769790633586685,0.08897908710070357,0.3518217974167809
0.03460508861887093,0.0869525488159238,0.3465693708456526
0.0411944419762528,0.08990011607926696,0.3497572455463263
0.044183139554294086,0.09060869401621041,0.34181425909998436
0.0463476050403021,0.08865301811220205,0.3430488153248981
0.023881583902913662,0.07478705298422574,0.36584131317211094
0.025673955216476762,0.08186569295789521,0.36402744775781537
0.026677972736873386,0.07778178099863325,0.36123987170133914
0.02869666188553576,0.08049199069314099,0.34929548447256636
0.03171999790294398,0.08136971499774777,0.3413900532275433
0.04008316717636482,0.08625235068995327,0.34922240984349434
0.04134235858681697,0.08397998105687472,0.34192111196829644
0.03951744521589302,0.08355969331727715,0.3398427683431534
0.037114926769985214,0.08457061272894513,0.3411360570970153
0.034587274604988935,0.08300941929548197,0.3373567235954513
0.024905085646241148,0.06270659243705708,0.3546293324696089
0.03768185491100098,0.08107423554108106,0.3399615620707004
0.04099110310656505,0.08155718973857339,0.3405622144207632
0.0434382592788648,0.08658030223391854,0.34766074980642075
0.043800742667900454,0.08279093892182553,0.34010893085136096
0.04700999262397102,0.08445355769014574,0.33780827943610614
0.024602344137918453,0.0668092454253067,0.3543961056517773
0.025063132436587147,0.07082449869848613,0.36149965642597554
0.027306005347944903,0.06877064352686933,0.35313336435503734
0.02782802677748471,0.07247774308049452,0.3568932810902391
0.029710437206504757,0.06946892354403854,0.35061868310258115
0.031823493298456865,0.07177021669061463,0.3464891771392111
0.031024207980808655,0.07703468410051532,0.34963793793371334
0.03436502498656991,0.07862624577126989,0.3441132167875507
0.03719207149602716,0.07699266720376809,0.3441413626868913
0.03492008274492379,0.07445978933327854,0.34469331836545164
0.046029018869255034,0.0800869848162936,0.34190690647396565
0.02380202617895668,0.05896887288699577,0.3461475084641972
0.026417138161690817,0.05953755342082279,0.34746234943176324
0.029742040958809682,0.06595275156103957,0.35542292780435175
0.027167636879026617,0.06549899875502962,0.3614279427228749
0.03167110768788528,0.06374025935424339,0.3560559594694999
0.028671865287835843,0.06219828352149537,0.35994479183926725
0.02857584745559956,0.058694130787450546,0.34502598898832015
0.03929006237923029,0.07312436416468532,0.3458538564392676
0.04036907090532247,0.07750861309004785,0.3431946662316592
0.0433245298912962,0.0788037882314352,0.3394686159706714
0.046273162858079586,0.0765721259245808,0.3402291504613823
0.042687793992665195,0.07449287233664321,0.3452385923291457
0.035505485735842675,0.06903523103704393,0.34861091390656457
0.032573094936349106,0.06768247270211057,0.34977436403209444
0.03943207260447108,0.0679246688597787,0.3491225525092376
0.0345424035418659,0.06539563443061419,0.3503554874438819
0.037046269937648466,0.06584146822379319,0.3543307639428892
0.045345409134452556,0.07248953197128344,0.34482033797566014
0.02630458763778963,0.056066075275685794,0.35181638445538205
0.03150704186151911,0.05967201283405743,0.34826565017854666
0.042767298793580544,0.07022058251274384,0.34616976068862754
0.030019669567222716,0.05607949524303186,0.3494844669233222
0.02825022763106262,0.05223880124257633,0.3501447918639417
0.03269964132877192,0.05630944558882651,0.3516886047298369
0.032143699782145325,0.052847295794125115,0.3492982202423946
0.036698438601522054,0.06235045343120733,0.3489196634146446
0.0352984758178595,0.05872977326448691,0.3454700814752791
0.03407663179319723,0.062161360613044996,0.3557626261531455
0.0396842998318425,0.06376743302930749,0.35656119878126996
0.04704668047329129,0.06837925026769003,0.3427212195563006
0.04266453197651042,0.06489377544506292,0.343874207290988
0.041418884985208675,0.06127003596608711,0.343674791270595
0.024578128343409417,0.05175939321595729,0.3601908673982997
0.03478892774666233,0.055217967074290795,0.34646505050235177
0.037866500728637564,0.05587307018377028,0.34468587133929673
0.026407533131958472,0.048258848152239,0.34576538491607484
0.024560678802271908,0.04454061008654128,0.3496013929573494
0.027971602250960532,0.04498007159259623,0.3528464377160366
0.046472904593330595,0.06320990650509012,0.33639709262076706
0.04394859764223212,0.061431885365534074,0.3393027949758705
0.030049396557320855,0.04874236101317344,0.3470007138617621
0.0358838510368994,0.05254361889053862,0.3435046403027647
0.033714151598619846,0.0488830119954268,0.3398355230941299
0.038403460356651924,0.059935186727896654,0.3477409803977405
0.04631745530631059,0.0591266112665628,0.33907460730221106
0.04322458060534981,0.058017153242454454,0.34373568131523585
0.044717887157616217,0.05535816488129635,0.33979524764930574
0.04139760258685135,0.05462931196280336,0.34494469684555
0.0385756448575076,0.05248353438797356,0.3441932725968515
0.04062526030738317,0.058146853989371354,0.35052762767677836
0.031442452846269404,0.04510639470059394,0.3493968466384824
0.025961469650338565,0.041588000761015646,0.3516523713578201
0.02922409946105144,0.04161183014932068,0.35244734086239976
0.024296265638866766,0.03881659435579655,0.35473031499333124
0.026996638520804268,0.038493499555249784,0.357693982621931
0.03267340179358894,0.041685246832996486,0.34252355801098827
0.030314275538734805,0.03858256486505645,0.35889081084040164
0.024989740941130427,0.034971151879849956,0.3568271731496622
0.02448933682798286,0.030362268817869995,0.3493540519302892
0.028371818363460137,0.035932821695296,0.35686210306244165
0.047779001023181604,0.05642361819324839,0.3395986348898821
0.02868278655888805,0.03214326305343899,0.3459607837846469
0.027638064892612512,0.027437803832566793,0.3401132147839107
0.03513097970281575,0.04520978673308447,0.33726062043290533
0.03766229123677226,0.049095001756756136,0.34179563287321607
0.03881760879341506,0.045055802474061254,0.33894175790280984
0.04053586916741287,0.0511832894399017,0.34428473463626796
0.04372047355407629,0.051502248252085506,0.3433232914825526
0.04668189515771661,0.05337802753881367,0.34220026837634565
0.047132129974419755,0.04978334564365886,0.33489171665667833
0.03615352493599463,0.041466953289921,0.3376842331923236
0.03354813402822409,0.03827219479377101,0.350425894706343
0.03702705290789744,0.03798323909561855,0.34161430686857436
0.03104718861606147,0.03537937807495278,0.3541083494521465
0.032114896383633525,0.0326895971389724,0.3486157555445179
0.026108830803996112,0.023260909955967506,0.3421160749354217
0.024849196674845205,0.01978982083491215,0.3578628407630618
0.026445815823844632,0.017256185802507425,0.3528838723812981
0.025237772196695245,0.014445635596137379,0.35739249711471954
0.02848556178236867,0.020308648148951093,0.35671371872783064
0.03196878070589404,0.028783591542123056,0.34604789361902394
0.030438121571069843,0.024311460279478732,0.3454305379498914
0.03460387326988376,0.031660485450452386,0.3490380137513363
0.03547280167072711,0.02894952393000017,0.3518570606963283
0.037880260751085554,0.03110676609096697,0.34463274085114604
0.03742794840889131,0.03434605939138564,0.3456222434607334
0.041343959013874415,0.04833060450296046,0.34234045872081537
0.04406850932521534,0.047987039066337875,0.3421899957890718
0.04583282974252386,0.04648161470365686,0.34140213905656236
0.039758384230597986,0.04126111666369021,0.334888861783303
0.042836605124872196,0.04477292484360566,0.3431643751907374
0.040274679059829295,0.037326714126663024,0.3340009058240343
0.0409231454038656,0.033731166777330006,0.3420064077264012
0.04630998896547533,0.04355169602943465,0.34355752261674505
0.043336372562257836,0.04050992327397273,0.3407642089046338
0.03429846723524594,0.03507075317379767,0.3594449588379372
0.030531913477850333,0.017176036443345085,0.3516618176569271
0.03281238612404485,0.02097958598869007,0.3593472176776365
0.02422241878026047,0.007874661417424605,0.35941843523468364
0.02567141400382645,0.011440501500331927,0.35884202698979173
0.02853168012529143,0.014015615019248905,0.3689681639804749
0.03215545466731882,0.013783496831997597,0.36166975634687487
0.02955561385895228,0.011247404175589303,0.35852330386579995
0.034864546905405636,0.025171085290126377,0.3492549674824112
0.03782506778241467,0.02773737589335695,0.35168148082521017
0.040932087765804946,0.030134873692599713,0.35025713933812613
0.04423477919207164,0.03273466010017424,0.34316194993168603
0.04415756791149492,0.03679838176948439,0.3477483981384339
0.047508402466751,0.04013562549119995,0.3407231393517919
0.04750884916219368,0.03554872318682774,0.3463867607955009
0.0443661676442619,0.02909765555757025,0.35509766947234445
0.027613455258559506,0.008734620301328697,0.35450081970631003
0.03093338713807121,0.007537957764617452,0.35254481288379597
0.03348560906219177,0.010184140333525512,0.35684462048960724
0.03650520975289679,0.013332999427550455,0.35537607642628166
0.03774395656485047,0.009356370669010844,0.35333980281228056
0.04788284122912607,0.03175692456876089,0.34683771730533447
0.03835853978289126,0.02496440330685966,0.3488357403340106
0.03480116069805473,0.017120256377202617,0.3535591599046372
0.037358983464487384,0.02115505862120507,0.3499105265619629
0.04100684760932152,0.02684490954456338,0.3536009556552216
0.04053421663711748,0.023482765209869555,0.3479070094407566
0.04397060882329608,0.02546161073125088,0.3548255609087069
0.04752752887345148,0.027716945653772206,0.35284156227845337
0.039424209504131044,0.017027191029264893,0.352812061897589
0.04726995138626725,0.02410764657853255,0.35466015614384144
0.027454292417855714,0.005671327370595733,0.3643426562575708
0.031315104225739035,0.004621754587233134,0.3574504849193234
0.023845688559218637,0.0050440669451378,0.36454050297439045
0.02436553657081631,-2.2850641579977093E-4,0.37042579950553584
0.025429874431534102,0.0024891380813225937,0.3673677611946084
0.02894999075313298,0.002473594106821537,0.36460387446086856
0.028069477793456848,-4.93518708756028E-4,0.3622684837426932
0.024453518694894427,-0.11283595470750679,0.35796474384208304
0.02452626089888181,-0.1371466755466248,0.37431221422837097
0.025771035711735522,-0.1334439292596735,0.37856211269878043
0.02564236666002126,-0.10990112192372135,0.36201643113329673
0.02515159905297803,-0.1262882262899928,0.38478954031083684
0.02632914992413832,-0.12224436233918638,0.37484281962798083
0.027880353601802972,-0.11190777179630937,0.36351768108481725
0.02681278167995791,-0.1155342463248503,0.3575369630340179
0.025650630057996594,-0.11873710598829473,0.36195929769543284
0.029771343267300607,-0.114951946834553,0.36333464959799505
0.02694428336466506,-0.129438368251649,0.3846030711644855
0.025208947292887487,-0.01224883159307477,0.36757688939598065
0.02529417563801264,-0.0029691798543588777,0.36574096862944067
0.028790374148786036,-0.0036919160785933583,0.36366914167157693
0.027263763424670396,-0.006341115336872363,0.3669959815776513
0.023786784297443048,-0.005389234699115384,0.3673021909022972
0.024199203856754132,-0.008391722373025153,0.36837623431049654
0.027288506356080596,-0.0098813315607744,0.365786272333462
0.034457867309446985,0.0065202017258525514,0.36117623399973825
0.03495970636838219,0.002722418808937462,0.3616516993757171
0.03176216785733895,7.131783395191179E-4,0.36493113425377116
0.03155709217007191,-0.0022275930152352358,0.36376057410647933
0.034984443178770135,-9.831884017450392E-4,0.36327043631072625
0.04276258193461239,0.016154441769522576,0.365934145965222
0.04104671432154812,0.012611755535758364,0.35873717128811283
0.04427853628555921,0.01132627862528522,0.3622780609894717
0.04217644589517785,0.008142894534685446,0.3565046145906603
0.038560011791544994,0.005283528016799998,0.36080382257567467
0.04645763020874379,0.02054121317286358,0.3703875774893218
0.04475681719871642,0.014289225590601447,0.3696149566142654
0.045826603174718504,0.01737845277544021,0.3684481426091292
0.04366787880137542,0.022193335980729614,0.36949895545631056
0.04288800159385015,0.019009446544778166,0.3684161345390546
0.040742719205836664,0.020649547897664954,0.35803448427535206
0.0237660069332095,-0.020839338046936967,0.3735090272245731
0.024534532883913118,-0.015491960077131921,0.36749441427498925
0.02567576025124309,-0.018653359529707744,0.3715523334143737
0.02485483146141249,-0.024815571836942496,0.37051116186828087
0.02732002258468741,-0.022019128513272663,0.370442114607001
0.02459530297706169,-0.10628621394312175,0.36232228213742285
0.025356778243140133,-0.10170245135398345,0.36813788916953355
0.028313362796219814,-0.10460190299904006,0.3698427112922263
0.029028926722141996,-0.11895847466180447,0.3597793859296399
0.029611670631876863,-0.12265716436871849,0.36894585973957145
0.030702813305733892,-0.11119222256311997,0.36907004920328496
0.02823489318892395,-0.13632156785420926,0.38098786086969577
0.029455962681610187,-0.13251357398174113,0.3831392100178493
0.030440459652340345,-0.12851042922952757,0.38523627170207053
0.024267299482914582,-0.14802397838122894,0.37197391527590545
0.02570568931401334,-0.14407635205193087,0.3816251114655404
0.028266798581747632,-0.14731255241132343,0.36837859534999146
0.032943276569501155,-0.13178435614746975,0.3878073315651905
0.029522160018601477,-0.1433992516338702,0.38133339092016255
0.02705251004676135,-0.14023001870517005,0.37038469988737904
0.030749596329296098,-0.13956568617286594,0.37868156283316307
0.031927805131332164,-0.1356387424258747,0.3838150145863959
0.033103348652422315,-0.11395803722728627,0.3706017087939148
0.028142877965308743,-0.10826603568068861,0.3666559748285178
0.0311402047619562,-0.10728555134095405,0.3710125753253768
0.03363561820010084,-0.11030892958611646,0.37232517039720986
0.034253640883233294,-0.10670531638360375,0.379047863686288
0.02819469421712902,-0.1259920199673717,0.38079182327338357
0.03192301554912945,-0.12476173301758019,0.36999505842872665
0.03211543238269713,-0.11709381721045461,0.3680238999929429
0.03392081136628434,-0.12781759687983155,0.37525765843307085
0.024058460998747727,-0.09369828005462563,0.3802690481200504
0.02839857582921932,-0.0999850908354447,0.37787747645591535
0.024844582161660817,-0.09795247814285088,0.37394070085386305
0.02729448278398691,-0.09624644033781198,0.3756721686969405
0.031167636762431422,-0.006147075065474517,0.3648825055121038
0.030336204281021184,-0.008975135843766338,0.36390558995022054
0.042799454384702035,0.0036046610870981654,0.35435229369899307
0.027767667329964225,-0.015274305718790118,0.3691336941930179
0.029122486450023254,-0.012706495938054176,0.3676106838010634
0.03888626795517375,8.75767769254864E-4,0.3612416830606226
0.0347587035721451,-0.004812400544848018,0.37249721238437156
0.038867644655762326,-0.0030241600874846954,0.36028796092221715
0.0458664022178666,0.009273564005317226,0.35744555014129203
0.04521108208729817,0.006553423497770766,0.36355955641232446
0.04732744273527088,0.012386416799777351,0.36263260450689566
0.04671679076994199,0.004245817443304745,0.37036076231206594
0.045740047468088886,0.0015504997599759065,0.3619086902902134
0.03292715812181498,-0.012088632610479138,0.36680802575368293
0.025889206466009812,-0.029046365033169225,0.3652013642566474
0.031531478190767334,-0.015620874514777065,0.37091825737466544
0.029590092455305077,-0.01892054222265135,0.3692397880928943
0.029072546727023734,-0.026033658382571524,0.3688470955536555
0.03157672562626579,-0.022802496100764038,0.36508956707873214
0.02799358974662961,-0.09275840167379101,0.3702128726699397
0.030506417484855965,-0.0962412507908464,0.3721002686185808
0.0318154760839781,-0.1035883420542515,0.3797654917364906
0.03233863020778631,-0.09944934157339254,0.37738111174316996
0.03334479197440765,-0.09652046966837233,0.3682106441466954
0.03734580883512638,-0.1065322159985657,0.3788766412114446
0.03592827861221006,-0.10302770235380974,0.3792117157684198
0.036472799046380934,-0.10961046844878061,0.3769061943913876
0.033084628874046784,-0.1206831243280943,0.3649251235085465
0.03497266234258019,-0.12425854571907265,0.3676642947951439
0.037367840186726974,-0.1266518460408785,0.3717332209495454
0.03590003396384194,-0.11325887944337765,0.37153580999659747
0.03535657152292639,-0.11719733685824436,0.3721688868087349
0.036196770877914085,-0.12095373118200478,0.37168778108521966
0.038670366100904366,-0.1228406585307226,0.3747730437501699
0.03661440177400641,-0.13072907420094265,0.3763136739206993
0.03342685087299882,-0.14252642537395593,0.39021124110622757
0.03224556603165352,-0.146493083356513,0.3735230025641405
0.03460311802713856,-0.13859483263983471,0.37953335468654786
0.035605380032739865,-0.134662256343586,0.3878990917963916
0.03728399977900817,-0.14155266572108027,0.3862070968342098
0.03620068369495578,-0.1455661722379817,0.3808569894237408
0.03912107030270524,-0.11196215855179073,0.37532466883934545
0.03977586452704181,-0.10819902311393183,0.37773850221305233
0.03831225639445533,-0.11524850225001991,0.37222831619794805
0.03941218664178577,-0.11869207128140005,0.37575453929188163
0.040080635581705666,-0.12984291484148125,0.37482093195406746
0.04079131157846386,-0.1257595253475674,0.3745969123314384
0.04169413564312138,-0.11511609248245332,0.37471296940035376
0.027022068210482815,-0.03350586628431205,0.37773590341320407
0.03050801337474409,-0.03031534476217658,0.3780477800026606
0.025224689468887725,-0.09022777132523813,0.37387452183732156
0.02773166711434266,-0.08940391705794183,0.366970373934439
0.02400222727879649,-0.08402071527686597,0.36920980016680177
0.026404163761470558,-0.08739833316992954,0.3677446254535704
0.025936987155225636,-0.08148320502510219,0.3729910389908937
0.025741243336035936,-0.0393736377772941,0.37719335252236896
0.033934873384398156,-0.008491619510136212,0.3712255978122499
0.03811604986489735,-0.007522189998354676,0.37313712069568084
0.042657460511321986,-0.0057190889914861456,0.36276083414356464
0.04299685405127715,-0.0010934494879094032,0.3651115899120346
0.04693783452313942,-8.256038546304226E-4,0.3695152087968065
0.03725227461952066,-0.011314489498027321,0.3692660827043149
0.0456708732927306,-0.003353904807436969,0.37155582783578345
0.04504514188546841,-0.008245320494215279,0.3670381134786149
0.04656086152292897,-0.005844971043683095,0.3685907035926452
0.03389736709470388,-0.019148938840679884,0.37021307406189297
0.035749705707189945,-0.015358323113877618,0.36756978167436344
0.03859060290350684,-0.019079103658793877,0.36680383050575455
0.03359756321383275,-0.026909008110130365,0.36259572759377695
0.027029733493437704,-0.03700561278995747,0.37647939531183955
0.029801664235379683,-0.03633909597839012,0.3755447014039776
0.03434778507784746,-0.030289404217778548,0.37109992486622717
0.030879989661070938,-0.033882389721679625,0.38507048133864047
0.03341699634008243,-0.032805541528965275,0.387982378628485
0.03334375144453321,-0.03644070610108643,0.3887546051783027
0.03635171951343856,-0.035501835487466216,0.3875632876260034
0.036302672402059435,-0.023026831844581062,0.36963549962895315
0.04001461052846422,-0.022141748132147355,0.36785536014069187
0.03988627971177156,-0.02490873952664227,0.3685955251405471
0.028417018682951715,-0.08475138513314102,0.3720751311893974
0.030339864484602685,-0.09026093749400638,0.36552037823022787
0.028850979526340213,-0.08785775358830822,0.36816190931581133
0.032049201169474656,-0.09355681032033436,0.3645367521332196
0.035345674553773264,-0.09470753561487183,0.36587416811996504
0.034028223576402915,-0.09057066050006997,0.3725256520083993
0.03622377685812919,-0.09839269364944468,0.36931266949254576
0.04199601908226767,-0.11100996623078654,0.37567389239109866
0.03967540800190911,-0.10459124728926263,0.3769128826083363
0.04252134403849948,-0.10721015825643317,0.3782780225305195
0.03945875461063131,-0.10092265657528797,0.36961570924509085
0.04247522631894108,-0.1032991598515525,0.37428807723819785
0.03915294799857728,-0.09636368647854728,0.3679096100894341
0.037567027549146335,-0.09272349132883816,0.37283186059469264
0.037836034636910224,-0.08929847104357982,0.3789831588627385
0.04163728168253709,-0.12220126757733385,0.3758872755132346
0.04063770163761803,-0.09238824089293621,0.37727271105691723
0.04363786803458786,-0.12861509060128987,0.37540295865974177
0.039222874289709934,-0.1337534274931247,0.3784257795324459
0.04284415585973658,-0.13251778156259247,0.3773608722407033
0.04208447138757554,-0.13646637275954918,0.37375091659982984
0.038300413854612275,-0.13766478694355136,0.3813172020887809
0.041136537142226044,-0.14045134055502892,0.38509402201693854
0.04012925077938307,-0.14453249887788347,0.3755665111836773
0.044028385965590174,-0.14339282140074175,0.3724321697149708
0.045203608870782744,-0.10969587209410306,0.3773494109921662
0.042700697215503534,-0.11878462720407618,0.3753336236550615
0.04521042981232851,-0.12055294831530014,0.37869178989225133
0.04416934015797845,-0.12444895970998165,0.37828506983694377
0.046366388859236336,-0.13143775910920283,0.3763997883176729
0.04591568537681122,-0.11642276788753123,0.3731405377108003
0.04457747850226078,-0.11296368511874529,0.3745189630421703
0.047507475422894144,-0.12344305742408149,0.3852541194970149
0.046993717264087395,-0.12755749104364458,0.3791332752954067
0.024585362624277126,-0.042412239314834524,0.3767269121833086
0.026690631651135478,-0.045893275797506065,0.377706874066855
0.02519898294230491,-0.048923321209300194,0.3773793961613337
0.03232748849717189,-0.0392656213710855,0.3716879293807737
0.02902681185812793,-0.0395054716762936,0.374692017356237
0.027901667646376374,-0.042556739026677635,0.37721374237315525
0.03151246567693709,-0.042725048533534316,0.3717615325313108
0.025850819673625593,-0.0781121958344461,0.37819143245776393
0.02626731484609148,-0.07402704103481171,0.3948580058778073
0.03480127341780696,-0.08693344313903713,0.38070839793550576
0.03133054705243962,-0.08691842466729416,0.37497557053962494
0.03203640536417143,-0.08403506925816148,0.3799682467056847
0.029219030162455417,-0.08075213382691224,0.38158877742970954
0.025068315450249075,-0.06258640320490574,0.3763975464835508
0.025349499680204602,-0.06624017229064685,0.3806875219658187
0.026263345539680287,-0.05987969902995583,0.37785160713266813
0.023777098202924143,-0.06831254951528618,0.37959993100557604
0.02620210363104939,-0.07086269251580468,0.3851052018699145
0.029805059948769752,-0.07168629148326774,0.3877735012618299
0.02808859309669808,-0.06538511676237137,0.3729006624822815
0.02745350846630992,-0.06870685490024679,0.3795228656762326
0.030448787524830878,-0.06866787521551489,0.37638364704384203
0.03025988427011864,-0.04592865857982158,0.3756046309488874
0.026009313720732608,-0.056553188973281224,0.3843442390941214
0.028963246604634292,-0.062175250014762616,0.37816129427808004
0.028298872700490016,-0.05871596320985947,0.38412062080037435
0.029113701690617517,-0.049478895231562264,0.3757132779635893
0.027470240934815524,-0.05263234635378562,0.3818916035227526
0.029602594967639704,-0.05640524346226048,0.38184201617667596
0.0403456512638401,-0.014703884483396379,0.3707832024882648
0.04222814338930101,-0.017751097376766112,0.37023737486336095
0.04172967089379948,-0.010323490390113441,0.3806469304081772
0.04428700973577674,-0.015764280576765828,0.3832096084530461
0.04376120795841413,-0.01306070111514196,0.38623888652051147
0.045720714177755216,-0.010882763625439808,0.37622228003222347
0.047006731908343764,-0.013907955190244188,0.3859401565332043
0.04525544476030761,-0.018892989783190133,0.37556639971167555
0.0423134903237406,-0.0204037995180079,0.3701851806322262
0.045804580197164324,-0.022098512054115588,0.37201282736844754
0.0429187667529902,-0.02365069780732614,0.37507521996643406
0.035053550355034,-0.0424273994002652,0.3719443649094429
0.03754172340128703,-0.02643648123517825,0.37076738763195854
0.036967386317124935,-0.02908481003658129,0.3691729169577107
0.03686714821004593,-0.03231581657474619,0.37406769949824686
0.040132926260475786,-0.028179237805810182,0.37213021258964923
0.04001008924914919,-0.03142777945983705,0.3724002180083587
0.04317461458425153,-0.02691581683946539,0.37511743918701906
0.039896629213070904,-0.03491950758605644,0.3725161555370912
0.03604152141782676,-0.03912768306617045,0.38701575900695756
0.039460038409185216,-0.038338471239437365,0.38308360746126474
0.04643096032697455,-0.02549360291804168,0.37549676048363745
0.043461331692235455,-0.030403898932307636,0.3752377203147654
0.04678378360127082,-0.028965476195255007,0.3763808175622247
0.03293751875600787,-0.08094899857480778,0.3892403656450334
0.03556086705449263,-0.08398270291374521,0.38334307463845857
0.037334544319019114,-0.08595586827392629,0.38102633715002254
0.038157060874379825,-0.0842007473752173,0.38462947330316294
0.037381487822827054,-0.0811835850026502,0.3899336419959574
0.045347834478636134,-0.1059679912539661,0.3786430270460897
0.04795644453073878,-0.10866132855905619,0.37856870079410104
0.045757534102834216,-0.10231852173922813,0.36769665617972835
0.04268641782099415,-0.09950655437600228,0.36742468608850265
0.042923165517613174,-0.0955138546369531,0.37393596812815305
0.046885408733901034,-0.09854070511110716,0.37084654715188753
0.043642371018415546,-0.09237699296553738,0.37441945484335154
0.04190059709296107,-0.08959249833606628,0.3766449429673606
0.03989398321426074,-0.08640091218447897,0.3797706283267654
0.04361901575088342,-0.08633206578237503,0.3815298479685237
0.045399125819750745,-0.0903090889372092,0.3753545277084181
0.04566900502082235,-0.1353919010063599,0.37182756506102116
0.044890927146183285,-0.13933995714950212,0.37719805629844344
0.047895229520396855,-0.14214797567742044,0.36571762454253665
0.048090964384394426,-0.10495242007602316,0.3670544072660731
0.04789394349050587,-0.11272820840016098,0.376718291357753
0.031075179417001067,-0.06537448117839197,0.3759713600721237
0.031653708884095966,-0.0595991789779941,0.3818025628119805
0.03236502042733541,-0.06311472348440904,0.3782142354119896
0.034256036963454375,-0.04611015031990427,0.36877470249941585
0.038082912244450165,-0.04557519959016113,0.37319581938772445
0.03059938281925533,-0.07723938670901973,0.3975634647387504
0.034579616928522565,-0.07823041567853221,0.39473677771218757
0.03775998419589092,-0.07712008667804848,0.39087541333558734
0.034752035909981965,-0.0652711851091983,0.37709835275603565
0.03406199541303209,-0.07066136596413948,0.3836212687829508
0.03415696074135364,-0.0748246252654805,0.39138556353185927
0.033700843740957616,-0.06757336549567514,0.37717193158024187
0.031904825200031295,-0.05328136140072124,0.37370265250145357
0.03250539802988291,-0.0566125559965408,0.37568499606633105
0.03294122162882109,-0.04936921823467575,0.3792040154212155
0.03552022353086982,-0.052839613224249835,0.3849102993916944
0.04345579973879314,-0.033915467951706656,0.37012632391863404
0.03908380737598248,-0.042109990702454726,0.38676451804629597
0.04793891751156589,-0.017028712875359987,0.3865310787427076
0.043423401358565115,-0.03757368931295583,0.3680191784220857
0.04279756982912848,-0.04111388331878566,0.37860616431636135
0.04715562767424496,-0.03266796295765251,0.3788002906070496
0.03723170005521233,-0.06810619999351407,0.3766807477867249
0.038793513625341225,-0.07342789874290276,0.38517304493320786
0.04054171495638887,-0.08300566731892772,0.3876063301949179
0.04092696962964611,-0.08009038927886339,0.3881885282428596
0.0414969891225264,-0.07691435324273439,0.3848093623852656
0.046635137220457895,-0.09384529870328058,0.37332275874549586
0.04399002623411351,-0.08265808211478817,0.3845910079585602
0.047273462630133475,-0.0847233487452529,0.3794050627421118
0.047392403638212184,-0.08810342134907118,0.37687427234185256
0.03449767522392762,-0.055303851359167086,0.3748510036100212
0.0377343545415033,-0.06492607356846997,0.37831851766784913
0.03500119795621186,-0.061980843028883986,0.37977823749872774
0.035413450931304304,-0.058658561888073425,0.37557882196983394
0.03747145248431892,-0.049488787874679786,0.3721787000828023
0.04263903892656877,-0.04531268347902642,0.38123117833342673
0.04104292210457536,-0.04871984206829498,0.3731226365937
0.04391205360018719,-0.04825889123164396,0.37587887341494514
0.03843693531036044,-0.052723723675790556,0.3799040189193375
0.04379306506121867,-0.05139937590234659,0.37236295213989434
0.04029540594832879,-0.0512761349661691,0.372037241066249
0.03795879241068502,-0.05580907757503006,0.382099887930905
0.04153384535056701,-0.05444442660737057,0.3747900986922549
0.04208712239993101,-0.07097425565573819,0.37696967425385935
0.0472708369088902,-0.03633259450530768,0.3739116256729717
0.04729375991022351,-0.040374142959352426,0.36911041751627893
0.046066904855391666,-0.04392630965700364,0.37522666167277796
0.045703376857879896,-0.046666805262383614,0.37703150136058816
0.04720191828108336,-0.04958828118233031,0.3738733424698416
0.047489366063819434,-0.053059487229815246,0.3735839372475492
0.04082374635987899,-0.06353798597583837,0.3855879120239679
0.04159525984164135,-0.06666980603580577,0.38113911585269783
0.04428922798610992,-0.06373678864891366,0.3848001108272778
0.0465179916016141,-0.06881638368599986,0.3817663449504201
0.044542886259227345,-0.07967309833465673,0.38247653183405833
0.04594091591061792,-0.07666312820705079,0.3782969819552085
0.04287515003138051,-0.07403610908181099,0.38030937384303054
0.04633500075275545,-0.08136347923532407,0.380183624418761
0.04701063803469393,-0.07956635996196379,0.3782453724500554
0.04582815123867787,-0.07258884697827137,0.37887372499960464
0.037917348625941566,-0.061604973052476475,0.3818182264141319
0.041588841189971575,-0.06114585149568818,0.3833464886612705
0.041496343963542875,-0.05787387859091172,0.37838863498392644
0.044335431622073644,-0.05716421747682745,0.37644519870716375
0.038991530674950405,-0.059242706144031314,0.3816238862411465
0.04516811292016081,-0.05468033232745102,0.37374669768002067
0.047970881266408055,-0.05636106050149596,0.380455333584917
0.047460182653660074,-0.05879373648620569,0.3817320139565923
0.04458595254042648,-0.06042962428074519,0.37847101707043335
0.04854967458111645,0.13809377132573447,0.2743555058714225
0.05172694539419556,0.14079887471207259,0.24342410431617065
0.052273364480089644,0.13671212144548028,0.2742697129997144
0.05552072330098714,0.13934650797251874,0.2409287629367116
0.05595004783133448,0.13523820941233963,0.27170465298182384
0.05927378077952331,0.13779194066454326,0.24149148228370923
0.06298336523403965,0.13613631295064357,0.24008883786965698
0.0632336289904489,0.13199506518955428,0.27365423287529383
0.0666467559530855,0.13438083911380322,0.23843763310326552
0.05963906646747427,0.13368393124178493,0.27211504327463376
0.06668096002619185,0.13023467338054454,0.27481127091843166
0.07026126610496851,0.13252680666690345,0.23620543405655145
0.05630106969948294,0.13122628178905466,0.3150035846489824
0.052786960713766894,0.13272089321485203,0.3171748623329829
0.049178187674948276,0.13409216366745424,0.31808081692447293
0.05993479940250265,0.12962548608216293,0.3155090070846703
0.06331510444311379,0.12793318569159443,0.31627109629319655
0.07025492095815432,0.12840446648115617,0.27263299687904946
0.06683125079029044,0.1262236534326537,0.3160823441498292
0.07012236237251529,0.12433549676767901,0.31708764759192526
0.06669963620913041,0.12219911177463666,0.32816390700038056
0.06349751791220437,0.12404542654721261,0.3264659424979604
0.06001954074900834,0.12561551349800715,0.3240830938383006
0.05675333097803899,0.12729448468099377,0.3233023817925513
0.05310391219103253,0.12867427279743324,0.32567463470431995
0.049705290564773845,0.1301112337570074,0.3288684765807255
0.07002331623780571,0.12039617806614433,0.32687246278306054
0.06673396036652798,0.11830111585535114,0.3284428402550686
0.06329790806686952,0.11992791247119203,0.3280750148367679
0.060154864489048256,0.1217144399649119,0.32687281662356865
0.056710904850005066,0.12324791741542808,0.329038330775064
0.056771470428115124,0.11927292455844948,0.32969398135958095
0.05348622017091616,0.12067225684626313,0.33106931930158207
0.053578158153448886,0.12480877758531364,0.33183977911064
0.049974124619974546,0.12604762042110046,0.3354838733361012
0.05036995876258952,0.1222156989348147,0.3357803417920215
0.06970322592413669,0.11647799977717291,0.3254729876655053
0.06927491188869565,0.11239863298093852,0.31704267369980305
0.05007074350875672,0.11855701751408919,0.33328829193271337
0.053772604215250396,0.11734270835695285,0.33277387986252777
0.050707517598700576,0.11558428773721767,0.3396916778762835
0.06632479409752898,0.11422046971770176,0.3261411042674684
0.0631938700248064,0.11606873689294425,0.32862503117479974
0.06007750497844564,0.11758101897240612,0.32910764826783184
0.05642576036022985,0.11582395061944771,0.32966023189429694
0.06011800610779741,0.11421264106824149,0.3305716102589606
0.06259855769673482,0.11250076945398098,0.332809950654046
0.06861790488830302,0.1090611484861646,0.32180219487883993
0.06592254190654014,0.11074886572232646,0.3280369072608986
0.048873645460320914,0.11227338966865417,0.3386290020493939
0.053040474343493356,0.1132511149117274,0.33751742024167875
0.051452973938494226,0.10998879482183958,0.3374907586162401
0.056980983197589104,0.11273058414712747,0.32520934504574944
0.04861370817828493,0.10820081641046818,0.3386638291946948
0.04887993114902033,0.10459864045578257,0.3359141848490917
0.04846418176584318,0.1010048607537198,0.346188773418218
0.059042990254047065,0.11029420674530079,0.3238303320890043
0.06284463912256037,0.10939507912591585,0.3259959984509827
0.06084406201164693,0.10627424061082509,0.32147268464932527
0.057031343008159874,0.1069839300911891,0.3242824852192478
0.06496914779434639,0.10679676857289533,0.31640501824738226
0.06881433153048147,0.10591652569032976,0.31926129927517133
0.06635480525642663,0.1027900687141702,0.3197866432333906
0.0630351345792787,0.10380355314487182,0.32228501892847444
0.0706038571740105,0.10332107747828971,0.31348921959668635
0.05483262298136944,0.10936793923006492,0.3319597326371917
0.051782174501038766,0.1069497063769966,0.33662035614703095
0.05428295708787578,0.10559781424880402,0.331823999102329
0.048225759236007235,0.09685398291097196,0.32823323456349
0.051406116206754005,0.10325205800364605,0.33245249654501446
0.05128744229967637,0.09929169566228331,0.3454326077142254
0.05736279036153381,0.1038704865055848,0.32956104184288343
0.054154287454631925,0.10175177906722503,0.32659736945371387
0.06300106714990387,0.10072747895804574,0.32872092384511536
0.06537581746006155,0.09906477022476426,0.32233320397305604
0.060032415260750795,0.10231158492209076,0.3316662149473322
0.05671677989934623,0.1004115505770555,0.32660772656431186
0.06830772363335355,0.10024844264898813,0.32350672328192875
0.0598787307878429,0.09872965885083787,0.3255782365553444
0.06226413040489943,0.0970699822425854,0.3215055682285192
0.0682813908942621,0.09706220887049705,0.32246105996257485
0.06483578097942087,0.09534680115089184,0.3226170744569876
0.05411731878635885,0.09784809065117689,0.3368116962783192
0.05907370299386348,0.09515369862004854,0.3196896695487162
0.05142698568425446,0.09531368184278244,0.3270185329272939
0.05522914521574309,0.09398196399727884,0.3251806576308956
0.056992804207493857,0.09736533031771712,0.3262670513744065
0.06726985304076179,0.09368082549266173,0.32516489052451525
0.0707376213568554,0.09521357832362742,0.3257352464310827
0.07012753223948057,0.09170892775108215,0.33246924527201077
0.06176632618753552,0.093156182259121,0.3175525166398974
0.06444373730313946,0.09151494025530214,0.31878107495502617
0.06728476023692379,0.09074979287612274,0.32133639799919334
0.05159878399138124,0.09101922390123784,0.33064119904899253
0.06147942482139941,0.08918307175683543,0.3246026601313408
0.058377649967318195,0.0910709721856769,0.3287275926268714
0.05485394571927318,0.08898205992983446,0.33243519930379684
0.057646785569604196,0.08639012426948026,0.33138786475222487
0.06115619820504087,0.08486171945761598,0.3244912870369708
0.05369049904525051,0.08535248516684689,0.33349717200014584
0.049392254767154954,0.08822410943874338,0.3399953232920059
0.051966090368893735,0.08789778821026713,0.3331083669972625
0.06918474681306246,0.0882280079620976,0.32182744515187073
0.07154193269279156,0.08593359430010346,0.31869688837723853
0.06507674709577918,0.08748778516325137,0.3217790020752447
0.06419104453837299,0.08253080603074438,0.3258365337233036
0.06784761979046643,0.08426455059882637,0.326676001164445
0.050663882711140515,0.0849265669168349,0.3335510921375193
0.061176788867898416,0.08176877844215934,0.3310963096740703
0.058643833524915444,0.08236643604143766,0.33500697527507234
0.05566381847768962,0.08315292105145163,0.3355219844793668
0.05253050886411161,0.081390397738568,0.3347418421202604
0.049161268734494244,0.08139572606413095,0.33756685418620974
0.05018902625906466,0.07900322488372871,0.3375423352558756
0.04830791684864121,0.07880060187341469,0.3384319176756657
0.0706856815676486,0.08208235032499767,0.33355480943198795
0.0595744407020672,0.07897907161144374,0.33174186550215307
0.06264282286907219,0.07897743394605881,0.33073667364632847
0.06663069792060995,0.07968121192949032,0.32722057585021475
0.06993543531273604,0.07789512264208918,0.3287644287804932
0.055835754718792194,0.07889552246455758,0.33054566157098325
0.05247880497700494,0.07762413017160398,0.3357529858423914
0.04954755713551974,0.07667167323090297,0.3391189008018138
0.061041550206234765,0.07522215871118593,0.3315148841264413
0.057653805239076865,0.07557916250485223,0.33382211363970954
0.058415255220718366,0.07311754900891994,0.33432523223135274
0.06055537695899236,0.07136049593841348,0.3324498540780585
0.0643241297456354,0.07662189454362923,0.333545211421884
0.06713593759882147,0.07558823711291311,0.3247097226512871
0.06959987775445871,0.07466765172364827,0.3264813682089396
0.0708097999572898,0.0717582661439839,0.3233163171624243
0.06773568176206679,0.07207958375090978,0.32151075414694913
0.06417614417071447,0.07230774316017093,0.33416204191194787
0.06553590361981819,0.06896037325291056,0.3237272692430218
0.06881787680477451,0.06818661715824507,0.3203209052794704
0.057584180866054664,0.0708180292719793,0.3291541951162031
0.04856059071643918,0.07269227260672166,0.35098514260421615
0.06218157957677425,0.06833036697704299,0.32872625769196967
0.05928386819555261,0.06762124715979187,0.32752368393922765
0.05608786296883345,0.06700081365754039,0.3280775049779267
0.05155371338578139,0.07360954710114749,0.3427274029563281
0.05424077612119272,0.07109190893705401,0.3403736137298186
0.054425243998792776,0.0746178834562021,0.34102088753992715
0.05654578262886793,0.07311496529451028,0.3399004385820604
0.06406344341830653,0.0665729735883793,0.32862855612731373
0.06598194361674294,0.0663736887855396,0.3297534506260091
0.07154722014583147,0.06500293317141717,0.3274204969062344
0.06794190511215589,0.0644605248465185,0.3346987994272386
0.05049322411645174,0.06944301790542409,0.35585827450090896
0.05287244237180714,0.0671574917086395,0.33704267856549225
0.05008086482524656,0.0652307057054866,0.33910738653783423
0.049406735904170065,0.05986810205144924,0.3361957043063999
0.06489366832284647,0.06416913060484415,0.33042370346010813
0.06158538260560628,0.06480276854552995,0.3273146131556706
0.05386490804652604,0.0631893207279565,0.341092103973712
0.05769969817105002,0.06356301118261773,0.33327252493933196
0.06621923815278812,0.06078150428278846,0.3296931427866931
0.06920571995783423,0.061203500765151915,0.3354957657415972
0.07089997939307414,0.05926953946336136,0.3353655329661317
0.05029878923375643,0.0563339297990016,0.33450119070027606
0.053076761360853125,0.0579008757054491,0.32955440141056563
0.052483138269044376,0.053736905010066865,0.3319283603537964
0.049237464996660575,0.053024357811690126,0.3345860205518045
0.05039919655985746,0.0502778199381012,0.33587310944551074
0.06306119153703163,0.06056958011405455,0.3289171658548042
0.05984778006258315,0.06107815249435615,0.3324712282615053
0.056803929010661676,0.05941569343773767,0.33990170480771636
0.05560350132151212,0.05419747807876188,0.33039256585177895
0.06426748997122289,0.05690790166278474,0.3326841303183729
0.06037229925585299,0.056990405871662174,0.3343952466119247
0.06828166542100449,0.057774741498680726,0.3315319634072647
0.07144575056441294,0.056857095892831326,0.3333789087559808
0.06610806435195386,0.0543274165575873,0.33890215544714314
0.06292093978562519,0.05289676508080811,0.3379894576923533
0.05903732801408045,0.05177728543707886,0.34098519378649067
0.053636409304634945,0.05092713651947537,0.3386835867532178
0.05611829171171417,0.05055559755013871,0.33615343350057414
0.05468598690345104,0.04736873731970136,0.3497908818233522
0.06614639368897271,0.05020025263613043,0.3315843610682981
0.05795133247377938,0.04776532135139712,0.34204185059512904
0.061304011782603786,0.04760600903959827,0.3400773538349005
0.04897016862107827,0.04636526998299732,0.33769156305725906
0.05886240831687573,0.04481981746419089,0.34489922136750456
0.0555370668569621,0.044569392846602926,0.3466080539219249
0.052231882818485134,0.04437473587649419,0.3446102987289344
0.05708972747425932,0.042096760324625476,0.34910312773481156
0.04903777603364381,0.043035602285648296,0.3412104533013555
0.050565994193688985,0.0412321808989671,0.34447419212236946
0.05220360464063626,0.048022472608550915,0.34778678635402605
0.06924499032722128,0.05342505433931949,0.3549278634386279
0.0700402602042571,0.049673384709994835,0.3513861323572989
0.0683183520288174,0.04581309535210245,0.34707268967978283
0.06430768465384173,0.04512491861479057,0.3520271767853092
0.06127143129253096,0.04420010847086668,0.3488290254697282
0.06278759774748417,0.04125745600772172,0.34945915172518666
0.05950849993062377,0.04117177390104484,0.34506622153226457
0.06009355275106926,0.03830291921390749,0.34462825577823564
0.056727652297389713,0.03846149273584973,0.3520777502525459
0.050778909842563835,0.03829185846088985,0.3425850345682573
0.0536736603598186,0.040826791911992275,0.3569101170467213
0.05337823350209807,0.03747114198588031,0.3519942180377422
0.051517127511268856,0.03471840193566733,0.3496958191445492
0.051037683715786826,0.03017542230308282,0.3464458373181127
0.0715861101294244,0.046812568005738825,0.3455906899391511
0.06605410143310751,0.040784502947198646,0.3515312511966951
0.07121640216483686,0.042567547515708355,0.3424117288698402
0.06334279778433786,0.03821986237310199,0.35996172318608827
0.06569379354743282,0.037322017736432844,0.3666473898700498
0.061330944784000876,0.03566257075628933,0.3473399485442641
0.057795654868589,0.03479391247660279,0.3548457129784436
0.06057921755451308,0.03208849413561745,0.3479163365369233
0.05472752506660763,0.03552279810120913,0.36034574688215837
0.05467770985450648,0.03256121492246972,0.3671299892266227
0.05500098467897856,0.02900455393187091,0.35881597965313744
0.057106074316455264,0.03140407401493866,0.365806122668556
0.058276921497374644,0.029358480565166375,0.3627062237322848
0.05026817340121318,0.02240626557119888,0.35037397283880806
0.04950298053437274,0.01882155143107027,0.3612141762455716
0.05109127346834622,0.026296382064551763,0.3479704070620069
0.0578146300431699,0.02647640394445947,0.3613078373171039
0.05413935924290494,0.02437914414472718,0.35605684877692184
0.05346187987413819,0.02058600318525729,0.35009152666449533
0.06364712872919448,0.03449059523825375,0.3597727600152352
0.06859201568519158,0.03776205756813524,0.35646205325686436
0.0668274381643988,0.034158756235879155,0.36791869912403813
0.07005052704233654,0.03335685394971617,0.35761029404071076
0.06386006012657709,0.03157612238526336,0.35922924589483923
0.06708521113813214,0.0310572474133838,0.3654124636701836
0.0612472541296926,0.02834894327320528,0.3505731781606333
0.06482443580496809,0.028819956451183657,0.3584458878932991
0.06362880763738722,0.025490318716661988,0.3508364844439012
0.060096630472859,0.02503647887088094,0.3587046072661585
0.06110917968111708,0.02294633979487526,0.36111673331200406
0.057572351938068506,0.02254131240218655,0.36637289930689926
0.06031395895760245,0.020076547808190428,0.36660608432900593
0.056351382582349896,0.018511819302048323,0.3532811294667877
0.048443354949248785,0.015470349929476072,0.364261225657554
0.05233683220172779,0.01686341815293818,0.3590259539211433
0.05120487063008043,0.013396427632044699,0.37236855785105977
0.049762440675604064,0.010191380294064394,0.35941702139589515
0.053806995384247304,0.011093688486225503,0.37445899346899464
0.04851590240657413,0.007143441974666764,0.3550999976356262
0.06693951840957604,0.0273784147342097,0.3596305831095394
0.0668678139549119,0.024515777522651,0.35274595231662853
0.06926258809298685,0.02982426475877959,0.3611995171979745
0.05985444622579005,0.016342797854824214,0.3551510054521816
0.06389401123047365,0.021538553707056693,0.3532163913867699
0.06752834028142568,0.02167066866065057,0.35168960451841125
0.062487997788562316,0.01843369208306613,0.36327018400260547
0.06601236059532585,0.018421895239732044,0.3529035685170819
0.06325535370740476,0.01621245965797659,0.3619991830112543
0.0659088909761456,0.014512658955818956,0.3576041896247358
0.06912228373358606,0.017149842895248974,0.3534824891524817
0.0490245992334928,0.0018131511770124007,0.367983394757779
0.05059376685752471,0.004665017763125114,0.359443121916686
0.055384064357672895,0.014691474293290803,0.3677386266472306
0.058083570675851535,0.012212170156197659,0.36732678227838694
0.05238498244106753,0.007823195416631443,0.3660068972906893
0.0529462209012181,0.0020894498500160807,0.3617945847708229
0.05469319669064441,0.005237588335838623,0.37220910781699956
0.05663958552505572,0.008625123350439218,0.3726051112013886
0.057211639078153555,0.0024882183923131437,0.3701261206581139
0.04896781762161152,-0.0035181841767113584,0.37381428560153734
0.0549885040736225,-6.946246574581921E-4,0.36365639816767953
0.050846464761965623,-8.40767773173745E-4,0.36836827541617717
0.052928591255115454,-0.0036125903616122273,0.3685188979599507
0.04992223341418367,-0.1300766263144001,0.3811677229975068
0.04818760942398616,-0.1197804102940042,0.377326075702402
0.04905885771272252,-0.11635305967250882,0.37520539762250654
0.0694668644407078,0.020006357959226676,0.3561748624938948
0.07005040611335576,0.023624893118704464,0.3594652578390503
0.07013925212024458,0.026719631814859937,0.3593636820207448
0.06213549757024154,0.013432025610149332,0.3651245370156298
0.06113879506436124,0.009688400066607053,0.3753254537191543
0.06406155824064863,0.011515246038729181,0.3719766819751278
0.06462306999219078,0.009246752330037118,0.37721967782570787
0.06757042202790942,0.011197258831278895,0.36200398987062016
0.06948920424265655,0.014234630540927995,0.3526725258333441
0.07130393379097853,0.012354286995716777,0.35387873599641456
0.05904574178599813,0.00590382984884014,0.37317435614289035
0.06179526757328835,0.0030456819069147657,0.37152630908020107
0.05933735304261554,-4.3463180750173794E-4,0.3668280273982145
0.057217164355215656,-0.0037630561600381397,0.3658310895389538
0.0504106315603988,-0.006374809530729202,0.37159926111793
0.04828754379034065,-0.008765569127333122,0.3632483793520849
0.04952338527006315,-0.011742163512672186,0.37285200258547974
0.05458039796165609,-0.006667668137184634,0.3672770754088423
0.05216124094511219,-0.009378107895695549,0.36543834861472396
0.05083528447098817,-0.014883646897193473,0.3839846685710606
0.04866562137320487,-0.13806398880757076,0.3752039888544961
0.04936801414597797,-0.13406348168013144,0.37204692525687294
0.051726945394195444,-0.1407988747120726,0.36408124688830873
0.04864625954599875,-0.10187050851942722,0.3668547493032075
0.0512550779212105,-0.10328090995071944,0.36605849646559063
0.05107242281682819,-0.10709886260549496,0.3638711523459353
0.05060839126981104,-0.11036978605050238,0.3756159520516187
0.052914572733299525,-0.13275373575084273,0.3791140092936705
0.0508491395457893,-0.12186144836833873,0.37981411571623025
0.05202687604484946,-0.11374936538657847,0.37664702864728955
0.05052948562733207,-0.1260805457293573,0.3859231857143515
0.05345104980095229,-0.12873842099954794,0.38752339404374286
0.05389394608391733,-0.12480984841806844,0.38133418768555355
0.054175827190325494,-0.1205866316000754,0.38251488157102326
0.051702485842481494,-0.117908206990547,0.3770168996693179
0.05457298014211485,-0.11699510002242755,0.3794223948323843
0.07059466034716004,0.009593850663583595,0.36026723953288015
0.07062088983178756,0.006638081973030509,0.36996922595137277
0.06837462549143841,0.0038678199332346994,0.38763976768422126
0.06325524869493797,0.006624011210517843,0.38305805246528785
0.06708957528199884,0.007337928109958703,0.3770992131549328
0.0649392048986734,0.004534946238582272,0.3859532967194068
0.06524297120554222,0.0022072713873337478,0.3814586796672348
0.06364456527048373,-2.3418726204449313E-4,0.366112168397384
0.0589468956609075,-0.0068821583804335165,0.366269056812028
0.061844872371940994,-0.003493362295170883,0.366016520650058
0.056420120523344344,-0.009896090639422291,0.3633054975483108
0.05358891840078604,-0.01251837104175467,0.36721461442239894
0.067478488643068,7.582238604847191E-5,0.3795725728174798
0.06109319516972599,-0.01032971335028175,0.36525152893501345
0.05190533732541964,-0.018218454140897337,0.38508843547251503
0.055010744319687166,-0.015930479925942046,0.37423154224357824
0.04966849375319201,-0.02375713241253812,0.37961209559842857
0.0489456771380618,-0.02028490177454304,0.38642731976535805
0.05300418704591618,-0.02184433900954241,0.38852373866493206
0.05036126875246796,-0.027426544823169585,0.37424326083822756
0.05071030664759062,-0.031047326935344344,0.37318679164098173
0.050756445206897656,-0.09968907479787205,0.37085727107053573
0.050198716365156125,-0.0960832659340481,0.37269792656956097
0.053430395964061864,-0.09814710510578306,0.3724482963280909
0.049370428498531814,-0.09148901814931816,0.3732385114955524
0.05030313327006305,-0.08743701013784505,0.37430511173775827
0.05315337455935096,-0.094292249338256,0.3694057046898933
0.05648160999269861,-0.09674970322761721,0.3724511200350149
0.05293933210678388,-0.09020741954807801,0.370827654896324
0.052352968411960174,-0.1367451181223724,0.37495709406703054
0.05552072330098704,-0.13934650797251877,0.36574662538188113
0.05747347038402703,-0.11891824584986634,0.3801930100035266
0.053889739767629195,-0.10993383363626273,0.36352268621553696
0.05800252236637777,-0.11500872499745665,0.3671326475691736
0.05524749204451109,-0.11349196830335614,0.36671033018605137
0.05381044876024032,-0.10584864110289122,0.3650076300251012
0.056561700003275414,-0.10743588005995681,0.3713801281412854
0.05387978857916484,-0.10196772242706588,0.37293877220684307
0.05654349005701798,-0.10047104015566465,0.37619113005599264
0.05687244022930042,-0.10421182018370963,0.37949900317436175
0.059158402535395456,-0.09915615228183376,0.37445802966421143
0.056064832004684144,-0.13518242179165882,0.3840912730294433
0.056548700833676045,-0.13111345074947156,0.3855975144095391
0.05964722410431779,-0.13371037859499843,0.38944412514042986
0.05927378077952323,-0.1377919406645433,0.37704996279891184
0.05723519734941904,-0.1230553662962553,0.3845166545868209
0.06049666607130755,-0.12167690850119571,0.3771548534578328
0.056976805659839584,-0.12710099716100526,0.3835304329412426
0.06028384999943137,-0.12572493396040926,0.3833969261343375
0.060007289278390254,-0.12970363019135245,0.380481427708562
0.07128020537523692,0.002009901236030352,0.38436446892881987
0.07092461005693668,-0.0010362920367459835,0.3798565486884237
0.06508660017551317,-0.002449994758193192,0.36485312263010133
0.06316638954634009,-0.007132145200442303,0.36603392548569197
0.06506650295412568,-0.00483904809580676,0.36617003884453836
0.06441450687509058,-0.009549293214024302,0.366766089026078
0.05788720926389593,-0.01329818540652368,0.36423329963950635
0.06206104342765758,-0.013934387553489799,0.369960029346537
0.06842650974375639,-0.0035800547976369613,0.37006866135037697
0.07095453866301327,-0.005813063533482001,0.36856024675749466
0.05118300926136978,-0.03506277220756674,0.38344411172854015
0.05050800818472935,-0.038707583292733445,0.3793003180340547
0.05039061869952754,-0.04140421128958324,0.37290518948177637
0.048917682231537675,-0.04324837804946918,0.37092858873768836
0.04905319039419583,-0.04640345464233873,0.3710890591148601
0.05368674643962111,-0.02537335669741335,0.38578084062153867
0.05948985034962448,-0.016872799174150417,0.37130749811426517
0.06416212470358974,-0.011845306926417096,0.3689987275510691
0.057514695637690204,-0.02315118030305568,0.38800553538519766
0.06091987890556645,-0.023131165632241484,0.3832558755896656
0.06021367138663353,-0.02054891084049293,0.378125412638008
0.056079526804871334,-0.019408202473672212,0.380311921176303
0.05439267810495911,-0.03301897086075179,0.37374223966855746
0.05768337248707417,-0.026911945093709862,0.3898309472587141
0.05466641169487215,-0.029243567526118435,0.38066207689957826
0.05708008898855802,-0.031722197763010294,0.38128796265143367
0.0580238073535221,-0.02959365380473507,0.3872393432086815
0.05375306988144251,-0.04077689580863322,0.38741646334027363
0.053315922614935604,-0.03773428060136692,0.3866392034075968
0.05447640807819151,-0.03574322467939551,0.3791600225846142
0.05675931982893319,-0.038320643417459326,0.38245929992736327
0.048523717704681786,-0.06178047245138348,0.38494026173804646
0.04951549440353178,-0.06598265881770678,0.3868011782773379
0.05335038476894476,-0.08714369630051308,0.3728130978656419
0.04918530805745493,-0.07816277117004734,0.37655244513350183
0.049297931702667656,-0.0752427798523173,0.37881475817561533
0.04961119949393128,-0.07202890461710532,0.3820776598705958
0.05086236006334816,-0.04950578229341183,0.36888583847830475
0.05939595493539766,-0.09602935194572633,0.3724552019208114
0.05720946515054625,-0.09283973608690044,0.37104097099843975
0.054866936377420426,-0.08489105351434743,0.3766502122740833
0.05134311365071922,-0.08457871387596942,0.374391007653678
0.04894034515818402,-0.08161336986243854,0.3763032712156749
0.056388150396210174,-0.08829907053459288,0.37476053413392524
0.06025690753865686,-0.09015577921980565,0.3821020576596455
0.061221449909665895,-0.09362409204206658,0.3789964576824362
0.06059546857960049,-0.11759486317878219,0.37003226045116705
0.06385911324223764,-0.11984199289306482,0.3704640864609902
0.06211948215295996,-0.09712096947335858,0.37366523909061433
0.06457396779509669,-0.09555870952652616,0.38019914698904755
0.0636671632975107,-0.11566197998789239,0.37317600462539574
0.06086208026497578,-0.11387355957337887,0.37185383947292744
0.05825096094403042,-0.1107499466615133,0.36880623960047515
0.06415438558885941,-0.11164531210451722,0.38097741312791406
0.06685852166666172,-0.11400271198779523,0.3808957482903417
0.059830972412191874,-0.10681147072416852,0.38366164491605437
0.061390467432000315,-0.11040346388915982,0.3809900439411715
0.062328469087572086,-0.10095362275437787,0.37324264528166173
0.05947617493391627,-0.10288115346784628,0.3774680773390484
0.06221469141852836,-0.104259806137677,0.37430051162774797
0.06491010661061965,-0.09940879079399727,0.37272261726639044
0.06402407273060842,-0.10745769553754617,0.37866447691344834
0.06543705339002935,-0.10346776740396216,0.36987327766730205
0.06369420303932696,-0.12389954952563596,0.37432501714441435
0.06353426431969032,-0.12794645860852522,0.3776273302610715
0.06327670720801451,-0.13201198937722136,0.38255481847046097
0.0629833652340395,-0.13613631295064366,0.38019977848346337
0.06714933178734517,-0.007251381573683332,0.3702819353155006
0.07038826001637821,-0.008628712650706034,0.37001807528443315
0.06757245671632169,-0.01099511328072758,0.37046244797475497
0.07150831177243418,-0.011013718851423654,0.37243823490846356
0.06986597216135945,-0.013462486803942263,0.3702597158640439
0.06594394114938941,-0.014417699091612036,0.37492039752473766
0.06904600076600542,-0.016176992059185914,0.373416760674688
0.06252287724248358,-0.018713874527999677,0.37362163627519024
0.06299775031688398,-0.016440580444628396,0.3724748309527089
0.06601938563153516,-0.01820508010912542,0.3803758347943872
0.050993011405501186,-0.058565186746915805,0.38165424509259704
0.05295517697094656,-0.047580489423894305,0.36811426764291816
0.05229859700061246,-0.044281946782479174,0.36992618684300294
0.05559961926863856,-0.046272370040537004,0.379262383119301
0.057764685223965544,-0.041570126912173176,0.3869839433144864
0.05587960204645306,-0.0437106998885665,0.38840432788942164
0.05024949733568023,-0.052040701872184944,0.37011069728413454
0.05085583690589729,-0.055189549016457125,0.37325254657440005
0.0639738575776674,-0.02145669639987196,0.3803913238001098
0.06370730577404521,-0.025287136299003962,0.38224223335968965
0.061306439715946306,-0.028343634546899515,0.385807281711178
0.06016615063516673,-0.025365310920613497,0.38677893344271536
0.057891139022142664,-0.03478220503812438,0.37409110027920595
0.0605790414955068,-0.03197387367179628,0.3855500634637109
0.06398959682240583,-0.030664275475492553,0.38281100189335504
0.06027076652205018,-0.03739520849334795,0.3769816968953917
0.06026823566298227,-0.039993319903402484,0.3797869149716529
0.06423757034480028,-0.033243614152586906,0.3819200201260769
0.06185505826548549,-0.03512237504279001,0.38164074168618617
0.05363380591171774,-0.06347442295423222,0.38337569322074655
0.05073070631485223,-0.06899670685724849,0.385393395987773
0.05344004027111576,-0.0672109861014756,0.3832001750087017
0.05269320430891111,-0.08110219676241397,0.37518619955965743
0.056644499461135256,-0.08250123899204381,0.3814934745171278
0.05265069772141977,-0.07742540600103322,0.3780248719632832
0.05392525883351571,-0.07123294393934967,0.38560681947416237
0.05275494322182522,-0.07437178414088717,0.3812982907253439
0.05533586130443172,-0.07401718484510943,0.3841328857025151
0.05892841054335485,-0.08567602862464062,0.3826438755174628
0.056153684091872484,-0.07917378253210061,0.3813186086530789
0.0548721480923785,-0.07589061322633875,0.3805389696016452
0.057488267050838315,-0.07584080783188123,0.38320888981714724
0.053760351205558506,-0.0508527278045197,0.366893291007723
0.053537096272843115,-0.0533028278628225,0.3691013726310165
0.056525308772157244,-0.04947535628728313,0.3728616009474102
0.05895288711598271,-0.04471465410397087,0.3913563521265702
0.05899074074655832,-0.047216354653544915,0.3868943320552125
0.06341484866046285,-0.0380460744636835,0.38376948644535386
0.0658183131388831,-0.03618453652588997,0.3817991777653896
0.06151634018693898,-0.0431140749254035,0.3804172498183526
0.06374270137542326,-0.04056005271443481,0.3846179531762898
0.06379803190968089,-0.09183905836698557,0.38342160443211165
0.05953694231822271,-0.0815061641093996,0.38564013009382014
0.060266119290637195,-0.07852398070193997,0.383817172556117
0.062445767585361335,-0.08075277982030896,0.3859393060671172
0.06299250489598733,-0.08798759713886481,0.38270230937766586
0.06773730796519153,-0.09745149053604048,0.380959892035766
0.0670680994985969,-0.0938233126503368,0.38200557458748147
0.07016886694094994,-0.09583097668394217,0.38703709609969256
0.06703709487376179,-0.11821943332331958,0.37849089012793335
0.06664675595308536,-0.13438083911380327,0.3728127729238695
0.06705186246377691,-0.12215544441014978,0.374617444450742
0.067017396963682,-0.12616754247293432,0.37111016914737793
0.06681723366972496,-0.13024725518813518,0.3777787547208195
0.07041747687087836,-0.1242752551920039,0.37310376309797305
0.07028464473180127,-0.1202474005055235,0.3809123722178418
0.07023507325040886,-0.11627530061022821,0.3818113696949894
0.06782508813777466,-0.10072735270486595,0.37316374095762095
0.06688355326508101,-0.11039757050018849,0.37721645473892157
0.06983762755657498,-0.11209253522217467,0.37910267724289964
0.06717998211537683,-0.10688009655000012,0.370949769643146
0.0698504523896749,-0.10380121061473864,0.3710134690971079
0.07005718996200613,-0.10805962464332139,0.3719325468497672
0.07026126610496836,-0.13252680666690353,0.36778369732915334
0.06776017337650884,-0.03343124798667986,0.38274530649602406
0.0698895071860062,-0.01864547067839741,0.37514552391458356
0.06801815910033089,-0.020950541844712293,0.38344063649423626
0.06690087868985872,-0.02356745158312485,0.38204895650353454
0.07014658203995572,-0.02354421780104898,0.3832215956374863
0.05636439471999411,-0.060258329436201664,0.3806319715374826
0.054903292028699265,-0.05617127472544198,0.3714747745387657
0.05787765229060324,-0.06310341540128273,0.3834695420618478
0.06532278840538784,-0.028207516930605494,0.3811983776973841
0.06719403020982341,-0.031021128284070942,0.38215573456147195
0.06748327708108064,-0.02608561943059968,0.3813880994839449
0.07097786225703817,-0.025907879836056424,0.3828292030572907
0.06933379310500871,-0.028878668931690405,0.3809139453551649
0.05709505344261278,-0.06622128745467173,0.381008210665041
0.05716621895402263,-0.06947260390320774,0.38308658576106996
0.057341930935308226,-0.07238934826170777,0.3847470976252528
0.06060319071248877,-0.06828048859848207,0.38048025690690773
0.06656366123739442,-0.09012759964049077,0.38442505857973247
0.062429410303924744,-0.08406086483638404,0.38615491409019315
0.06955350766343377,-0.0922046809772674,0.38849003588661546
0.061181141618208826,-0.07494338397938642,0.3837891184881342
0.060725117646530526,-0.07128980225112742,0.38236920979550376
0.06373108588032618,-0.07846547979277654,0.3872800518950146
0.06560355406149014,-0.08157691884134145,0.3886993693347547
0.06523145449712661,-0.07589334108267004,0.383364217532582
0.05707663391569267,-0.05259319954353295,0.3678397190012746
0.06068892026366421,-0.04988159138992117,0.3855717507913808
0.07089485932228365,-0.03164593141947336,0.3817505951175605
0.06997193023799989,-0.03567294071768745,0.38367844919985195
0.0624875715043515,-0.046066424962565175,0.3826494685107819
0.06714308282667145,-0.0389772325777341,0.3827950526130981
0.06572190916063717,-0.04303228691918538,0.383737864466359
0.0669216683829226,-0.08614614125368468,0.390699905109875
0.06942310929621906,-0.08903781061497107,0.39115171547640826
0.07097819705946118,-0.08645496001696351,0.3890706439914004
0.07095464574847246,-0.09975747656265084,0.3834320727947053
0.07037678744150012,-0.12833898873613622,0.37414033679846365
0.06272962312008622,-0.06950924889467609,0.38055416470874953
0.06135946396972604,-0.06507217047375506,0.38297438980967563
0.06301279629522044,-0.0676301163195684,0.3822839398194463
0.060343356445795915,-0.06106870235798027,0.37909882344108065
0.06020557295196978,-0.057168065007517165,0.36981143907121833
0.06439048724745218,-0.0726552485957014,0.38166133667656815
0.06963689477331977,-0.08306430215200969,0.3877403082479189
0.06781899359732378,-0.07876866789121964,0.3846474223233824
0.06800302267505856,-0.0746068554580257,0.3808426166249115
0.06252824002952748,-0.05375589016079019,0.38201137006693414
0.06608019969889806,-0.0503191037454209,0.3821973793686259
0.06782180733035313,-0.04652280158725209,0.38973216350066253
0.07112406716784347,-0.04286864810370382,0.3862044934913108
0.06533029782609556,-0.06918845295483497,0.3808300134490874
0.0643069541475472,-0.06286420112838617,0.37848794010323566
0.06486935094124396,-0.06575785958828888,0.3798562358812863
0.0638570958740593,-0.05964765157633285,0.37785927500427624
0.06423310747327676,-0.05644801688177792,0.38393953424076627
0.06768531335625565,-0.06133530190499018,0.3833000865503488
0.0683690482524072,-0.07149738539018287,0.3822132403436534
0.07115570707379625,-0.0768498531398882,0.38037221754944256
0.07079681534447334,-0.07353175977566043,0.3847822053669112
0.06659775387550834,-0.05415664032345502,0.38352231099697676
0.06998180117632127,-0.05238240305620303,0.387662477764216
0.0700459800799391,-0.04918077505686442,0.393283322067526
0.06888836963142966,-0.06792515554034241,0.3823815675972782
0.06804231815044923,-0.06428977984654088,0.3828939790666492
0.06988120472333244,-0.062290836852737654,0.38914152124804957
0.068072289291398,-0.05802462859369109,0.3887253197345765
0.06998342408606482,-0.060404577600469904,0.3903992383128118
0.07077238458434477,-0.055512746617107096,0.38533985865425086
0.07160189657167419,-0.058369490076791423,0.38701038183799846
0.07382424470835111,0.13057557540842582,0.2374799949777944
0.073670667252941,0.12644734399037022,0.26904447484026955
0.07733307857655324,0.1285285764251384,0.23053191460204203
0.07709234205429819,0.12440452386513871,0.26886144220650426
0.08078519423413562,0.12638731104249737,0.2306256550329053
0.08048123153238469,0.12224006254169681,0.2711432256185697
0.08417805980435734,0.12415334972353358,0.22849447557487548
0.07352503220651359,0.12237340501975034,0.3160528896168162
0.07686021142292951,0.1203795873402312,0.31766147777720577
0.08010509667048445,0.11827323509805969,0.3179463202511473
0.08371665763010941,0.12004217318565308,0.2698500253836878
0.0875091868661241,0.12182833091703167,0.22620509014778514
0.08696242187800318,0.11774475972093211,0.26938668825096984
0.09077613227906474,0.11941395985584657,0.22859158650019964
0.0901087069777025,0.11536262599842834,0.27334414575221894
0.09397649997539798,0.11691200730623875,0.22800362230879587
0.08320871075519361,0.11606317193112681,0.3171845253663103
0.07323399562724628,0.1184317786573849,0.32866445208456335
0.0728991627529618,0.11451540662316356,0.31733389388373623
0.07656081559708983,0.11644751072427961,0.3305962643435043
0.07957635488901772,0.1143024404447859,0.3268601718369379
0.08638900521377091,0.11377282155098155,0.3160995336610157
0.08931854236417129,0.11137156237233588,0.32191687582391015
0.09316221327715107,0.11282418586993177,0.27799384682028144
0.09710794271727408,0.11432430826914552,0.22297837669871626
0.09619303770232461,0.11030153128460529,0.26981371893733086
0.09228712471228243,0.10890746727622085,0.3272007517003867
0.08555912787849748,0.10981606299036224,0.31828406024935124
0.08857543779923281,0.1074566783453309,0.31645078002096655
0.1001681638183043,0.11165276063434057,0.22060643264666066
0.09921943890899083,0.10767562478154656,0.2637692843718984
0.09532749342596603,0.1063982764261026,0.3228174904267616
0.0914460942924874,0.10505859545710831,0.317881346345734
0.08270943857403669,0.11211185901127484,0.3304068709192351
0.07601339451347225,0.11232241772325219,0.31944635080317346
0.07238708535871363,0.11043626463478368,0.31506540252732235
0.07906794405434246,0.11035133390056444,0.3256934935303218
0.0754054304681395,0.10851329350898882,0.3120648048441638
0.0818534983677975,0.10815351847686946,0.32803726864547006
0.08480848834296235,0.10591458623853091,0.32088625105338525
0.08765955638301023,0.10350641817547977,0.3092188575413734
0.09809789351355772,0.10374978455740665,0.31453017221739893
0.09427491858735546,0.10248066002949413,0.319014692854478
0.09052188342083345,0.10114679374071958,0.3088240432325145
0.07209503404372335,0.10707145607021497,0.3205993105192058
0.07821144362022008,0.10631769681763564,0.31305109794783825
0.07441926576595044,0.10508359547098703,0.30891187580256524
0.08107583413400825,0.10421911859481793,0.30954299511954697
0.0776801611195943,0.1030120162978363,0.3048012710775021
0.08002668055889206,0.10097611305839672,0.3105482037409819
0.08391482149377621,0.10189883421120165,0.3097393710052095
0.10080413081415719,0.10103783517442379,0.315690893430216
0.07195113914296376,0.09914891735735523,0.3216547966208525
0.0866620761087636,0.09968898419612068,0.3058049631381983
0.09692518487361128,0.09989816071311254,0.31850637690888317
0.08927794987666313,0.09721323496877535,0.3040806281967731
0.09308360998814107,0.09868234819625175,0.3168859761164096
0.07620046407656464,0.09911274250377969,0.31450960127313227
0.07989358237529176,0.09788494323930687,0.3124371085375304
0.07434847163742987,0.10195456319084854,0.3114150902829219
0.08327342757453221,0.09868372040608461,0.31494746787689504
0.09961037851628675,0.09723334263251257,0.3185387878642136
0.07712262880274598,0.09501192494314577,0.3113615950241539
0.07389323034385538,0.09635579258500189,0.3262002559667345
0.08538380983944655,0.09646832067085735,0.3088611976505122
0.0813778469258169,0.09509237311976165,0.31319815785630006
0.08834554859769099,0.09403272850799746,0.30309060603830235
0.09580998847793103,0.09615372645775272,0.3129847964834847
0.09829504817207407,0.09353706252398335,0.3123617150398515
0.09187032688595219,0.09483921505622515,0.30609872512462616
0.09695943053184183,0.08975302347281054,0.30383761418317995
0.0788190628280173,0.09227535555000256,0.3157913784470516
0.08504855176093462,0.09340272929700692,0.3066064050571362
0.07567318719399746,0.09131717657363594,0.31606905742125263
0.07351447057671302,0.09325334939811705,0.32568149198566626
0.07237871805491926,0.08976356347665411,0.3347916407677876
0.0992877631238521,0.08702485994399811,0.30793774325937817
0.08220668654298763,0.09085792002101069,0.3178358463119563
0.09440665658434784,0.09226133629303628,0.30605597370920495
0.0905210785033769,0.09179599927944258,0.3053170230506503
0.08657378775717627,0.0903818740445005,0.30578779986396437
0.09531433002479046,0.08663595950396828,0.3011126254399333
0.0934092798086076,0.0891162255019288,0.30080937159984206
0.08997976434307632,0.08871813144060661,0.3046961791425918
0.07843487797375472,0.08910499463846804,0.3138241689387349
0.07476840824815646,0.0877545372010858,0.3153406273805124
0.07698186616064467,0.08580386820573728,0.31622841735094026
0.08059905985347104,0.08703953528797286,0.31233920083211425
0.08686031211756348,0.0861586216939446,0.30744922738501673
0.08385538268186216,0.08777372627599052,0.31140915884205944
0.08320390363307649,0.08473745631396018,0.30813891070118116
0.09990532848876296,0.0814372412113124,0.30680382436278747
0.07395817791215668,0.08398322920902897,0.3184168188507761
0.09809352754853937,0.08390100899173826,0.30521587368910347
0.09113279557167492,0.08576462300906026,0.3025803997272601
0.09467668903256303,0.08363266373266834,0.3069664850728232
0.08514288097411848,0.0826503762909954,0.309461254268028
0.09152751568946094,0.08143692496731407,0.30963252831440263
0.08828440436053019,0.08322037155630264,0.31171120990890877
0.09584125829290006,0.08044748706440487,0.3128079216804232
0.09275602143245319,0.0782128768010733,0.312704571515958
0.0766690005886869,0.08293325475288692,0.3204495248736328
0.07970950339957669,0.08358521651793945,0.32209898738838655
0.0782191275798976,0.08025563982820091,0.32435352273847173
0.07411970584858879,0.07994204533830677,0.32010956836311505
0.0895198669823582,0.0778812903844432,0.31822964888023786
0.08171174395164914,0.08141094106733138,0.32279762401974293
0.08381825858970542,0.07914755717614842,0.3189276565904456
0.07659260559479569,0.07646981572813319,0.3231678845368426
0.09904369123368616,0.0784446714502831,0.31417567293812343
0.09986956800386422,0.07537206225594469,0.3172734611726398
0.09568610904091468,0.07628885721751144,0.3185817161423485
0.0918081172295968,0.07523332367674695,0.32378624003494055
0.0876121357150608,0.08016093438720918,0.3211074935178904
0.08579210753180243,0.0769423180085105,0.32114954642546717
0.08033257405460753,0.07773821784881478,0.326773620144262
0.07269242157378657,0.07512932765963631,0.32203935712966664
0.0749047011584133,0.0720442690182888,0.3187170534682499
0.07223936709704468,0.06921528286710482,0.3226995919176209
0.09985218789482175,0.07092691620815543,0.3156964692353603
0.08260975999063583,0.07549105314007493,0.3280418372873974
0.0792273456635902,0.07389176132684026,0.31977210176033766
0.08820315234053949,0.07446857400084637,0.3209117896053137
0.08520874088840596,0.07415334994215723,0.3253205684252655
0.0779723261854058,0.069764062384956,0.3210448103305305
0.08232923550794578,0.07146168906878067,0.3216593311562614
0.09000261515816864,0.07205113280216242,0.32285332484663215
0.0968219896458028,0.0731809129730948,0.31901165738134285
0.09353881170024976,0.07290203431645864,0.32450456611508854
0.09193265325822571,0.06955798557366956,0.3231165295273262
0.09575808208525204,0.07023962965404196,0.31915070212704894
0.07501337499706029,0.06784743346436142,0.3314294989636699
0.0773214292722246,0.06670823496167701,0.3269863757857159
0.09362131488260919,0.06726390091003617,0.32187457745285114
0.0974371083682889,0.06767834785767332,0.32956931662229266
0.1008029383881476,0.06774669819535947,0.3252262113021178
0.0864652183717572,0.07130524535948402,0.3216514090902102
0.08827779644136437,0.06848050976466875,0.3213073646742286
0.09027073960147677,0.06609195747400612,0.32151363816040934
0.08043032318277181,0.06680434013941138,0.32722759193762835
0.08451936236085486,0.0676989064993168,0.3241786009884018
0.08677055897751468,0.06489173257186039,0.3243341528773552
0.09269425469328074,0.06451488609181867,0.32038774917525153
0.0781257873784921,0.0637277483528832,0.3284026172335274
0.07517186089956841,0.06430016503017867,0.32823621539838094
0.07261387007373149,0.061485512912338364,0.3306271293004019
0.08227659102762513,0.06357289544585888,0.3292916406586009
0.07929281417537454,0.061002247476971236,0.3328202060777711
0.07279424434075062,0.058847368977663794,0.33222998799052916
0.0994539056281413,0.06491983870155822,0.3408436377606067
0.09578594616445307,0.0644735772432857,0.32344595698363104
0.1009032173463315,0.06239009263403898,0.33929930754780907
0.08958579347776746,0.06213139352122616,0.3269416257275168
0.09362429794927973,0.06156317600525918,0.32342727361913354
0.08186245631836862,0.05935601226959183,0.33002436204124636
0.0850558426690371,0.06100413030341818,0.3351814506907775
0.07578065083254557,0.060337590902874466,0.3318701421079994
0.07813019763247797,0.056979208391933836,0.33098429583732253
0.07450064455060534,0.05682348187088134,0.32769145124320836
0.0840597976532173,0.05795825653369903,0.33048281974279564
0.09129161003817589,0.05817373970251784,0.32760718775791386
0.08718060823198678,0.0577291087928283,0.3363907638847164
0.09728554153932147,0.06195075762965559,0.32224651465430837
0.09889267762453183,0.05922174238822055,0.3245896216844954
0.1003398381889646,0.056734548195306066,0.3294088054590565
0.09910145838187666,0.054081728139666024,0.3402357990546197
0.07538911226527599,0.053368608991242114,0.3353949469340018
0.07876868943082628,0.05321811460262606,0.3322945921380828
0.09512509999386878,0.05860742643632507,0.3354287029685122
0.08161182599320459,0.05584363859181056,0.3328295627169631
0.0932920058173756,0.055218351695772216,0.339995765299507
0.0968731728206868,0.055946555469195094,0.34516698717074124
0.07693340729174389,0.051234122554458625,0.33791388059176913
0.0740839029982568,0.0500217617111887,0.34614361660876364
0.081878082307203,0.051800294977197354,0.34529721969875343
0.0724106361159727,0.053322929477590576,0.349173529659303
0.08870668864067803,0.05424110935381917,0.34013110521428785
0.08456236478190185,0.05503175606675501,0.33945940324320306
0.08541363460750324,0.052070115861201215,0.3472013582204184
0.09578299030397268,0.05208552972279819,0.34190582245432805
0.09109300262776969,0.05141694871155164,0.3460474103791224
0.08779684697722454,0.05014688143007146,0.3454583927588568
0.08979395316965888,0.048521853817201505,0.3451513024149548
0.09980446299169934,0.05095574209426708,0.33741650470009205
0.10088391204758149,0.04800312598432063,0.3399270931223474
0.09713076708631757,0.04798608431296212,0.3435573541798264
0.0787152657122987,0.05064445509236622,0.33853702917956574
0.07463648795864537,0.04562322983488269,0.3419003423044679
0.07715980095976568,0.04881292683455024,0.3454500638945747
0.07776755987309482,0.04517106314154341,0.34105516295868815
0.08020895597845074,0.04843939104970376,0.3442527778969658
0.08073931398706492,0.044889779044009356,0.3384044188369946
0.08383015430499105,0.048170819400986074,0.34594811510566575
0.08720530026384163,0.04669312474017741,0.34135661531157596
0.08411802398734416,0.04443092740199154,0.33926392066829897
0.09292656095952417,0.047982848320277424,0.3487417477787715
0.09402195565008943,0.04438656569475802,0.34865600181174905
0.09002085399169239,0.04545489244834462,0.34632583979957604
0.08699695082033286,0.04264247934050512,0.3436507703503686
0.09055160461165432,0.042526315863461235,0.34671246845395565
0.09875679687785528,0.04476472514166227,0.34380639701939475
0.09616084988739547,0.04128207252001252,0.34430708302543206
0.07908366263210098,0.04175206221433941,0.3350667547173476
0.0750021101521051,0.04186600987540373,0.3406548012361877
0.08200844368727608,0.04261821925064547,0.33766055733775796
0.08376589728498612,0.041814480277050585,0.3402412110524845
0.08199017854513402,0.04012923920505121,0.3373379121895997
0.07621377823007963,0.03882663280684106,0.35257555433801263
0.0727941950595062,0.038235051189303905,0.3607164981991558
0.08501600069173444,0.039465116899601596,0.34023433366756506
0.09275150756884566,0.040329091942853626,0.3455653438001823
0.08852464485980614,0.038835715070682585,0.3524181297585352
0.100864792464579,0.04140811370130676,0.3454775225823159
0.09171923575370586,0.03695438263951107,0.35572678032448607
0.09455379175309853,0.038515567673985805,0.3438487250948909
0.09443069181246765,0.035535614909493474,0.3509359630845674
0.09756137759751753,0.03763354770514368,0.3420423729037006
0.07909585403462774,0.037249982244272756,0.34901652520081217
0.0821759876048657,0.036531212949860094,0.3422222512112954
0.0851178417572551,0.03592095140682706,0.33804054177214354
0.07531078322685762,0.034673064263530465,0.3626921541458095
0.07225255673891122,0.030100163275065015,0.35832092398859955
0.09110105334288973,0.03299535399791826,0.35199335035252227
0.08617849750561561,0.03355263197613851,0.3382288998165448
0.08845588102639314,0.035140502066834584,0.349558248184823
0.08777314424381429,0.032560513353690604,0.34093827107943325
0.08874190911823494,0.030055136755522866,0.34250030563835776
0.09468377935497065,0.03244484150473146,0.3526205206375849
0.09831286823306061,0.033860837664151704,0.34693201413981256
0.08850016401345887,0.02652894343580161,0.35904222360272137
0.09227201220048142,0.029041084742668467,0.34467801387707825
0.09662150752203119,0.03001763427589428,0.3536666829315716
0.1000715684021417,0.030657754844579808,0.35044163542467427
0.07910426463181784,0.03348687545331632,0.35496460075137165
0.0831532608827036,0.03294834715748621,0.3447584550189236
0.08588855648735955,0.031103585718374703,0.3429405752133845
0.07997188909242688,0.03035737882396294,0.36080727394964507
0.08263530286238197,0.028496957099094056,0.35424119832742934
0.07206902310538302,0.022214058844983554,0.3640560836206513
0.07321017700842053,0.02563113418375731,0.3586562288257747
0.07868427206715431,0.026411234320020044,0.3715267160721187
0.0765148264389911,0.03013272813805446,0.3711044337749399
0.08566463437132439,0.027439641667853353,0.35767851282483143
0.07523964462689908,0.022188596113800182,0.3591430159091202
0.0822643535037848,0.024746356512722657,0.36305162468648783
0.08624853876912932,0.023755119957036143,0.37266256660484964
0.08929379063179575,0.024012429944731267,0.36655227874543256
0.07261517148205761,0.019037488854780675,0.36521861812280454
0.07219276286499661,0.015963179845143997,0.3564466545200639
0.07408359360027192,0.014337340055932053,0.35630748491989345
0.09523712492233917,0.026851238349586956,0.34657594789323015
0.09174271190127042,0.02534002214472411,0.35317495045873765
0.09078593786293326,0.02284704253978299,0.36418453556413993
0.08863943856943318,0.02146669500341686,0.37318953214332723
0.09149328572258414,0.020283279935703172,0.37179218062024333
0.0981884855336865,0.02805878175795447,0.35401307952172734
0.09416814577593015,0.02292532883892699,0.3494953336388177
0.09775281319810863,0.02521645562928346,0.3492070823317323
0.09759208119063605,0.022038272983910156,0.3458376310250586
0.07936925204273836,0.02163799592523084,0.3622825060539145
0.08276081580158656,0.021485273391397462,0.3579457898878685
0.08517672085851262,0.019385773414300048,0.3574064496263134
0.07560290542320111,0.01749351627734187,0.367636296682166
0.07217737444855013,0.004564998557818526,0.3721240315108765
0.08110010647458456,0.017733042554101686,0.3685210446619355
0.0772421080912105,0.013925445132631104,0.36693352719065203
0.07332200475388856,0.008016299172742422,0.3561718655090396
0.07430752226018751,0.010959002768271645,0.3510392101940268
0.0750572274526946,0.006082706582927628,0.3577245926620613
0.07703688189949667,0.009380220573225536,0.35464015370289353
0.08123714243928663,0.012878737983759847,0.3706630691880381
0.08436478857506752,0.015757520176278392,0.36457629543342046
0.0947931734257567,0.018957711985194203,0.36156553136103836
0.08813051673227229,0.01795402219918769,0.3596156217116657
0.09398427494753436,0.015315601735494233,0.3613150939655542
0.09085500695123529,0.016704080676549892,0.36479752090695006
0.09139387939426849,0.014234443192818809,0.3667536912482792
0.0992755525917929,0.019408909336664053,0.34665115127143215
0.0749930414546933,0.002947029028231135,0.36585477848232806
0.0825203717468938,0.008862533735026715,0.3610538441043469
0.08833525952152321,0.014316789268138458,0.36678525707350046
0.08460857235469049,0.01243529517630003,0.36684696189612487
0.08678408071269982,0.010075298156752517,0.3619866576261857
0.08559170874444157,0.006547673684210068,0.35685193574930474
0.07826564768738438,0.005458451768337895,0.3549310120106776
0.07393201375127342,6.441963714814847E-5,0.3791504119731202
0.07224800091657398,-0.0032436167305949014,0.37488234630459855
0.08956125951622088,0.008337059869272238,0.3631498009955436
0.09752596337512165,0.016375966010988157,0.35711830620371754
0.09610654967143019,0.012607318992477688,0.36127978690861035
0.09213869996287859,0.006851354616456121,0.3679620742418929
0.09311597295635322,0.01023419641722102,0.3783313016911309
0.09273710905642915,0.012909318946832584,0.36630267746694767
0.09052918227860547,0.011807546115103016,0.37326205869892637
0.09629628834505508,0.008502501160625243,0.37830051792276537
0.09939260076176011,0.011383568652361767,0.3563350488082934
0.09991092845057689,0.014505727195052274,0.35481245187653915
0.1006787521455283,0.017297718682446592,0.35097983846320246
0.10076579101578394,0.008605864205866247,0.3576295522459269
0.07487695271648614,-0.005177589229648206,0.37426820155670315
0.07353153216464682,-0.007903139889455573,0.36950361049966457
0.07537206576502939,-0.001981242976507545,0.3765308741006617
0.07758993242933306,7.070868781405011E-4,0.36319300561288653
0.08213808462241794,0.003998676972485029,0.3590280198460531
0.08295210330382516,-2.266348677201009E-4,0.36128069603507074
0.07830301044533902,-0.003002829224553494,0.3703071978019145
0.0893493679899389,0.004667737785658126,0.35605222441063156
0.08545167061583803,0.0031829874987294106,0.3592407721051135
0.09235126074289857,0.004225229905483765,0.36303711660483623
0.08737747538168548,6.082102457157248E-4,0.36239100761973225
0.09486484532037089,0.00495512112137402,0.36835091448446033
0.09130105509492599,0.0019727806257113373,0.36080395077415733
0.09356968207916846,0.0028171617233278923,0.36464832816888737
0.0748803370214494,-0.01004430721063794,0.37095030959852576
0.07723856547004973,-0.007324066113805756,0.37381240026408286
0.08210168990112474,-0.004834676331671332,0.3680833063751013
0.07392756477403,-0.013363120324213818,0.373607317330527
0.07769134947358067,-0.011466240872437843,0.3761362895752303
0.08584147091408194,-0.0027347494200555007,0.36048642487880506
0.08528635976407799,-0.006067816697894024,0.3657686834930453
0.09869238072616215,0.005756893756463655,0.37520453857604236
0.08994021068356178,-0.001398825117000925,0.3639927172089603
0.09685213782348157,0.002164184690414217,0.36647923320312253
0.0936729603820612,1.0688564045386074E-4,0.3623630478626478
0.10089454888578317,0.003620923917347291,0.3715272962893061
0.10005125056697915,5.330718595100876E-4,0.3706227758285126
0.0728224789949941,-0.10662132371988986,0.3762564748560377
0.07296568146143254,-0.10308596367172818,0.38291811996629743
0.0722718399240791,-0.015816466949192184,0.3694852562808139
0.07335578900616221,-0.01808205377718447,0.3696465632341657
0.07205339715978082,-0.021196945061103215,0.3737343092603847
0.08255481232960937,-0.009048908844601748,0.3747892941709257
0.07604667421034078,-0.015607768106444396,0.38153672634539804
0.08115674540706828,-0.0137491865120885,0.3794906879320407
0.0759943633285153,-0.019804481855759677,0.3760012454679594
0.09233466211092918,-0.003142495361108999,0.36552322209325744
0.08935005792185007,-0.005029874230796871,0.3588549900082637
0.09226410537490069,-0.0057816400517787655,0.36212376167835625
0.08691448638457015,-0.008825716897986446,0.36779289460016246
0.07391912737000532,-0.02372977357432641,0.37668027555918787
0.07341272800466576,-0.02790616371499405,0.37988049345443725
0.07290221652985632,-0.09363141044703321,0.3943871238759496
0.0731126829328581,-0.09691837879599367,0.38970578603436734
0.07328827963990492,-0.1145356902814619,0.3785597417664173
0.07292662112832726,-0.11034127435894046,0.3761204923142459
0.07379237250450187,-0.12649013408055546,0.3789022889704286
0.07382424470835096,-0.13057557540842588,0.367288221581408
0.07733307857655314,-0.12852857642513846,0.3760907505673803
0.07365213941344993,-0.12245055657984784,0.38110340706473184
0.07348248813077525,-0.11843578542162338,0.3826251412548674
0.07671127596804588,-0.1162605946864321,0.37854844047252323
0.07718174487595583,-0.12440156199418305,0.3840133466235663
0.07529023629403984,-0.09990720615830256,0.389772152777025
0.07639803900190277,-0.11222536929140449,0.3797667593724738
0.07585538563841102,-0.10404419503704616,0.39066890684681693
0.07984726663619032,-0.11426533030612675,0.38236200806175485
0.07584897243617912,-0.10805371478202944,0.3829639957203599
0.09670889783325827,-0.001984389872228576,0.3600578647414486
0.07227386749236327,-0.08984371998819389,0.39401135062778797
0.0753279372593266,-0.09180751472977278,0.39492566825156544
0.07452805422069989,-0.08802066697513644,0.3862052410241727
0.07335047828878134,-0.08440947214470818,0.3827461694565972
0.08503385992856713,-0.011985361629290878,0.37643302767498715
0.0840873399018595,-0.015287820967368134,0.38310810982078103
0.08107544431119404,-0.017923557310414395,0.38551654285895814
0.07918750957537349,-0.022428892615420786,0.37777384681785126
0.09491511275186128,-0.005345969558339,0.36538563407094765
0.0909754032691608,-0.007939542082974555,0.3610066427019553
0.09332633973407026,-0.007312211517241764,0.3629513357787829
0.0892441153981551,-0.011102439484902242,0.37027351492170407
0.07867719875470051,-0.02656329686014145,0.37993542451288415
0.07623888381319754,-0.030853785086836637,0.3796323412907762
0.0753213238237294,-0.034959330093255615,0.3823659178314385
0.07247151877706502,-0.0388856654350148,0.38649153327853164
0.07624351475384855,-0.09578276911428492,0.3942663042423092
0.07837482662169547,-0.09900415303751536,0.39169177796860793
0.08078519423413544,-0.1263873110424975,0.38171120269847014
0.07699496371975766,-0.12030941347587791,0.37862137512435917
0.08020116347655053,-0.1182442781648496,0.37489122170276407
0.08052502560988475,-0.12227319903350413,0.38052687357650705
0.08417805980435716,-0.12415334972353372,0.37442708644455397
0.07843655878240802,-0.1025196183542611,0.3895470485182267
0.08068293292606214,-0.0956407427144107,0.39102974267454815
0.08135351578581315,-0.09982761092568575,0.38945612377131983
0.0834283006471034,-0.11598554203223091,0.3832696422375759
0.08285716021306382,-0.11199653946327702,0.38960573389281156
0.07941255851730952,-0.11030760707610483,0.38646769195273084
0.0824256872677292,-0.10803053751399035,0.3908796498920431
0.07876182832575743,-0.10614223551439173,0.392813689443039
0.09875872855809725,-0.004963955915583874,0.3619827033865033
0.08151610492480688,-0.10387017296323342,0.3869189301909089
0.07831401919441962,-0.0927872246425638,0.39130978206561257
0.07679611614996407,-0.08600498633782927,0.3829094560657762
0.07788604935228957,-0.08955614220969298,0.3850990386767732
0.0759817429369023,-0.08236550395574956,0.3826086446735238
0.07210353300832689,-0.08066072220992025,0.38100991752650964
0.07864744455643982,-0.08101073204294455,0.3863658240862292
0.07913408152548113,-0.08417321613837496,0.38059790764949053
0.08013069039169128,-0.08769555125350637,0.38174991173336276
0.0882833724649586,-0.014675443682581935,0.378187949260575
0.08202518466111618,-0.024278994061858683,0.377693980129946
0.08543256010487461,-0.018180261915140165,0.38771187150401404
0.08326367154173936,-0.02112229083246386,0.3831625686678708
0.09661962728586419,-0.00840402704907065,0.3681046708655404
0.09306116959623555,-0.010037342852632577,0.3660596437713642
0.09141179211297994,-0.013109179908021027,0.37502454977966954
0.09108338963873054,-0.01570269654328697,0.3773738150285164
0.0789225222239536,-0.03299154293592078,0.3841761353257144
0.0829965688663194,-0.027326395775433752,0.37658848555700547
0.08043397503984542,-0.030034585495648764,0.38573888432868864
0.07488158542128004,-0.04130840703717509,0.3891334017369405
0.07957701916255003,-0.036133061144813676,0.38417562655922793
0.07672939758532905,-0.038509298291297143,0.3851108279221103
0.07207013548331276,-0.04660666484751965,0.3914730692764859
0.07518088879732855,-0.04448387624336081,0.39145629842553026
0.08129726199725075,-0.09150158069819017,0.3835138601800701
0.0836693735377324,-0.09463247622077331,0.3817336977210494
0.08382955443670777,-0.12004637365479556,0.378183524340233
0.08704567543746411,-0.11772002415007107,0.3878582778335216
0.0875091868661239,-0.1218283309170318,0.3732276311896418
0.08391202441223154,-0.09813863197012322,0.38584150749643603
0.0843795887019724,-0.10177722244446596,0.38721287497056145
0.08649947762072384,-0.1137435300978315,0.3883217394528961
0.08589028497042778,-0.10974567671733956,0.3903585069556341
0.08523724066722013,-0.10593041297649877,0.3864619945875296
0.10069203789866217,-0.0073153727048063215,0.36213867728862353
0.09952108605446502,-0.010254379910406577,0.3682280530056021
0.07185736641767547,-0.07120048777082151,0.38986591478289023
0.0730572860737266,-0.06840284660864138,0.3902411855175038
0.07585217913642309,-0.07840807150986429,0.3873199659259345
0.0740190809181643,-0.07401420972192763,0.39333456216335855
0.07992467905436161,-0.07826354857756869,0.39166098226130286
0.0815624418466248,-0.08151110486595588,0.38722932569910534
0.08259590614604607,-0.08518485558014088,0.3801467626064982
0.08316627941820601,-0.0884771215893481,0.37962572163190905
0.08561919673332943,-0.09117038328628532,0.37757909075672974
0.08668146720201153,-0.09525272995084719,0.3782283837634232
0.0870219944341173,-0.09925928744373706,0.3839125938036387
0.08814736343770829,-0.10338183604601853,0.3856650374896459
0.08878143744307675,-0.10733926621732104,0.3849961173994357
0.08962575184802679,-0.11130936514499858,0.38380438803296973
0.09016898546010589,-0.1153675428800751,0.3895659564443064
0.09077613227906461,-0.11941395985584669,0.38593421541967526
0.08958271725098164,-0.017756153867846357,0.3797587525799278
0.0862099126964688,-0.024144282222764567,0.37993080842407995
0.0877110020679809,-0.02077821517750153,0.38670043075454236
0.09587900505449656,-0.012389415755222672,0.37500978869586016
0.09387628156972948,-0.015522275672527897,0.3766323959846966
0.09200517142138206,-0.017405919251739826,0.37584425892046036
0.07389405232811204,-0.053649626815059005,0.39025235661625185
0.08300639230395232,-0.033273094213348786,0.3899204387473349
0.08888058815127288,-0.025482664559893876,0.3837798894650491
0.08719388999903942,-0.02729551124018547,0.37811468920825164
0.08482609467674927,-0.030100511967789224,0.3810279681894862
0.07396137969663324,-0.050376180202574554,0.3956417105911582
0.0761317258279421,-0.05248480874453019,0.39450174486814027
0.08562372198964106,-0.034919519657277305,0.38845550204277046
0.08367860150434281,-0.036533609366862126,0.38775680122759854
0.07894951630410785,-0.04205884939723416,0.3877850465986507
0.08102813536128001,-0.03903507352020314,0.38165572325147507
0.07628768792429641,-0.04758934983470802,0.39502331842499755
0.07925069547067068,-0.04534930993656937,0.3925072357204194
0.08130359649566986,-0.04397285725410263,0.38685293700451373
0.10025628109267272,-0.013231225941379527,0.3761980579386108
0.07180813468303006,-0.06503246519715702,0.389875375349828
0.07244570935330076,-0.06169710001729451,0.3913650359967879
0.07571646515033811,-0.06677381163891682,0.39375099689660326
0.07604400415801137,-0.07096665932222142,0.39245036584651377
0.07819331696811904,-0.07508390441040935,0.3935527856022247
0.0819689947011237,-0.07594312355380915,0.39262031075694
0.0836390191151512,-0.07943811041175729,0.39117506675487906
0.08481784863598217,-0.08313517945549458,0.3874317095999112
0.08621770119352072,-0.08693063174250847,0.38187110365502
0.0886236810032367,-0.08991704139388282,0.3796757726939821
0.08908788680167576,-0.09343942283154456,0.3764478244811389
0.08984186095418317,-0.09698276923108626,0.3771841179782481
0.09091042142132776,-0.1011013669894098,0.38055801288170726
0.09173027095386461,-0.1049123590524076,0.3817269337762527
0.09251589422347223,-0.10890012649669427,0.3790765160848224
0.09327628692741147,-0.1127854100533566,0.38317426522375614
0.09397649997539785,-0.11691200730623885,0.38141682524561754
0.09150556293998588,-0.02003492130135716,0.37591941106302523
0.08950483774332321,-0.022908969565128716,0.38696302894298057
0.0976603702970432,-0.015579686013934549,0.37865964872336894
0.09505461794642117,-0.01870562606288467,0.37426018467323224
0.07467550982426942,-0.056574961508979116,0.3853763706002364
0.07620397369066989,-0.054390819889253206,0.39128508088310465
0.0915972953591308,-0.02557457160862459,0.3907580564020612
0.08957597691342996,-0.027219365492424062,0.3836157330467361
0.08649852161431339,-0.0324717104038317,0.38231341954096937
0.08877365420819222,-0.02981918594143759,0.3803137300958259
0.08836851252076773,-0.0353068284679524,0.3856291762439996
0.08610907872791691,-0.03674764722194962,0.3897136075750512
0.07748140414308202,-0.05032850321090031,0.3964117421535697
0.07877426311100878,-0.053502655408742286,0.39394115170873373
0.0850408740603801,-0.039250815644784956,0.38346890093086405
0.08245702938296244,-0.04164379478554034,0.3804022734974423
0.08021284601533141,-0.048197151147434385,0.3954362068975032
0.08163656988740974,-0.045811716690315904,0.3895248062512678
0.08390373759676395,-0.044679199376200567,0.3797659360882503
0.10087007662415283,-0.01573467586154945,0.3796054815686834
0.0756200640455856,-0.06371061159579652,0.3923738497253582
0.07580616152809688,-0.06003022446547897,0.38327322366795497
0.07839299129158876,-0.06551646009687408,0.3931235375324733
0.07903026056561764,-0.06866002524007823,0.39524755933077954
0.0804830361734639,-0.07240949415550693,0.393364641080095
0.08440862140446616,-0.07370183787730486,0.3910580142003331
0.08571218810972167,-0.07718952593165743,0.39045039195798753
0.08715708511468082,-0.08060369386765437,0.3916402612990581
0.08787510012312627,-0.08370877163376941,0.390608567321579
0.09057042308373933,-0.0863752681972831,0.388417086730883
0.09166851796916775,-0.09044863241987251,0.38283301105788153
0.09237426199209665,-0.09437524989542406,0.37526243095792206
0.09355119027222349,-0.09833954671668871,0.3745143068247339
0.0945115811798597,-0.10230291318517905,0.3765415564435333
0.09542117610625914,-0.10626506574447689,0.3758063665329003
0.09628526820674277,-0.11025579309436755,0.3797156608019496
0.09710794271727402,-0.11432430826914557,0.3735470686935897
0.09399035794099456,-0.02267719505187704,0.3793024131577266
0.09931647234541652,-0.018152975288968195,0.3781144772924643
0.09783903591726106,-0.02095833621134686,0.3757309801178985
0.07841777363634404,-0.0568879559649612,0.3888230399498681
0.09538433307884031,-0.026083408502149675,0.38638468564794265
0.09254431477473993,-0.02895429086066364,0.3874939681629059
0.09096371986098828,-0.03266040717263158,0.38011702239809303
0.0920580909046367,-0.036274209923766426,0.3846377820047953
0.08881467919793626,-0.03873816588259805,0.38850947023121696
0.08212024726026308,-0.05516727265232881,0.3938670433237335
0.08186422473763436,-0.05145836496170748,0.3958049937363875
0.08692890986338407,-0.04234988227853515,0.37954693618375274
0.0841303842308991,-0.048125148594607654,0.38740133996802556
0.08759271415338898,-0.04600196467215657,0.3769532287953781
0.0790843976644859,-0.06307431866678191,0.38629851232045137
0.07998011806566117,-0.06010420785824652,0.3865308614508339
0.0816056756497875,-0.06560699192886005,0.38711662283388465
0.08386646356008916,-0.06972528595906584,0.38930708245960083
0.08694678613711133,-0.0720200305768955,0.3884443571548295
0.08775187565783958,-0.07505121361945569,0.38987963993334146
0.08916544067218392,-0.0785276044675905,0.38934945557541156
0.0907393588562526,-0.08212685962229128,0.39155897171941373
0.09343783741733191,-0.08502028673466153,0.38833574392493003
0.09402964457122355,-0.0884901907382786,0.3872311633700336
0.09494957388224974,-0.09206950693708307,0.3848049541906505
0.09617962181251101,-0.09601645517568727,0.37855671592832324
0.09724907373384123,-0.09989220534950104,0.37821974305927664
0.09823301405938734,-0.103770773751036,0.3734932017680595
0.09918694872049082,-0.1076863419683315,0.37675006143179207
0.10016816381830425,-0.11165276063434064,0.37281685019493294
0.09823147409543194,-0.023979841630853743,0.38462029742062964
0.08229010396342964,-0.05827023104477268,0.3910494303274831
0.08497718470637626,-0.05663406300031584,0.3918283607543411
0.09861027265722037,-0.026551544255083513,0.38881219250709464
0.09665427228125126,-0.02887876289864618,0.38486803758477417
0.09501032873264219,-0.03138620132211803,0.3856385137980596
0.09506459097636837,-0.03448908809476378,0.3830806466050231
0.09515220861029706,-0.03705965068933203,0.3842931333801706
0.09290310730117776,-0.03921153773050639,0.38596678832912484
0.09105871797708726,-0.04149597510640566,0.3875322536323422
0.0854310535860175,-0.05402805786386481,0.39385011573650197
0.0860481666131763,-0.05110094441613931,0.3881040079686852
0.09080309493529273,-0.04452451436046355,0.381467501944804
0.08811148925406312,-0.04905358170620943,0.38059032223122496
0.09061076223333597,-0.04714557028899213,0.37756581094863606
0.08337716811740796,-0.062330110574879014,0.38582625471724
0.08579173364119726,-0.06618814640046781,0.38154877811779103
0.08790073997119402,-0.06917345163374775,0.3818601016176499
0.08987786715389463,-0.07217992402921761,0.38508790812063015
0.0913160254150348,-0.07579334777902086,0.3861376202811593
0.09223519881940044,-0.07899344644171866,0.3862228687400151
0.0949929016881752,-0.08137275738940213,0.38402646619506103
0.09653088416517225,-0.08534660556488916,0.38480957827088597
0.09730421203352779,-0.08923469007686026,0.38650634892367147
0.09875600102575299,-0.09317224865036958,0.382696478751529
0.09990918169923477,-0.09706536506599893,0.3818624845406858
0.08595684777328677,-0.05980036924471003,0.39369380667199994
0.08817742507808332,-0.05643719886343138,0.39216389825391357
0.10046217521668263,-0.029094413540204662,0.3894964587601622
0.09872509580800115,-0.032418722484928685,0.38411425684811096
0.09824918867163548,-0.03613659566763016,0.38203339775625006
0.0967731948078495,-0.03984910381659569,0.38289974448275027
0.0946903190719509,-0.04291758850403164,0.38660756612240993
0.08946508174923748,-0.05291805903817254,0.38259168798997
0.0936713110310249,-0.046629709243281685,0.3827957443581131
0.09187136806460972,-0.05001539895724184,0.37773553015761907
0.08779410066860123,-0.0633115296365279,0.3911261331207674
0.08969300190128036,-0.06661054650966777,0.3885539788524169
0.09168528454120994,-0.06992842703787075,0.386373953103152
0.09329153546873539,-0.0734725610605746,0.3864619343580112
0.0951185862509449,-0.07707408391974908,0.3859107744309695
0.09787518771573706,-0.07979794133582599,0.3852422836652126
0.09872323715342148,-0.08323047361121484,0.38257862387002733
0.0997597521956651,-0.0867463202720873,0.3813146230721011
0.09087838132940354,-0.06022591022492622,0.3933502356022598
0.09248392819448047,-0.05656269010207006,0.3859494390824825
0.09939532056611403,-0.042905406332788186,0.38421761359841394
0.09804939186968134,-0.0462220153838796,0.3861823602585727
0.09417116448854738,-0.05342535907314874,0.3793647815803785
0.09688735316113045,-0.05002222654307914,0.38396324327446785
0.09194189942337296,-0.06404867254928331,0.3921180741710269
0.0935172803780569,-0.06740407441812186,0.3912503476812803
0.09421655689249822,-0.06219925026587043,0.3898933265541564
0.09535028836130355,-0.07067348642473141,0.38919004099765914
0.09641382123456739,-0.07371989540535877,0.38905599480535685
0.09940787924963175,-0.0760684611833864,0.3889113005352011
0.09484301219563887,-0.059309877054345705,0.3859101078834231
0.0963620319568788,-0.05659191130317619,0.38137997886894043
0.1007878205082257,-0.04869796637014473,0.38392772345324017
0.09836613361392199,-0.053789145197317284,0.38460287149249334
0.10048454303689962,-0.05174124013120414,0.38585386961387086
0.09534330791400064,-0.06511939281174534,0.3898507272987282
0.09714234336544826,-0.06839656911821156,0.38877237504441503
0.09714364087815387,-0.0620534684918656,0.38532906072480194
0.09909698638022509,-0.07184287509501215,0.3896079707060593
0.09870679972978305,-0.05959741262192044,0.37940917207588226
0.10024315524384345,-0.0569729320706303,0.3836907590647114
0.09895337802755291,-0.0654824005628561,0.384779387615298
0.10025047461318738,-0.06855140948611567,0.38670571765488043
0.10064888955375259,-0.06295716120034664,0.37934325664586116
0.10315491882801346,0.10889932378846964,0.2218067899047543
0.1020032592482122,0.10496555715790623,0.2655731808711064
0.10606601717798211,0.10606601717798214,0.22129109719150972
0.10889932378846962,0.10315491882801349,0.2225014412480664
0.10757535030942926,0.09923935431563544,0.26604015680299736
0.1116527606343405,0.10016816381830437,0.22183055076283117
0.1048163940098233,0.10208453352748034,0.2673680317584795
0.10355610260956477,0.09824787357299267,0.31351348952674346
0.11016851327872872,0.09630675843011241,0.266430672492684
0.11432430826914546,0.09710794271727416,0.2218088191483545
0.10618333875863133,0.09539661067346787,0.31465277087750726
0.11280289158081509,0.09330980753297721,0.26624798481140793
0.11691200730623875,0.093976499975398,0.2231310667742398
0.1087844291833485,0.09254842987874057,0.31284689133627547
0.11522591913080067,0.0902356204072272,0.2701973228254229
0.11941395985584653,0.09077613227906482,0.22613895043883125
0.10223671156626055,0.09448419931757218,0.31896075102514304
0.10483202108622591,0.09170307564321684,0.3175278612473748
0.10093123882406883,0.09084175159127118,0.3154078130794296
0.10714647793628446,0.08883471913622608,0.32124595551314244
0.11114911272042621,0.08954098259086639,0.31595070558226274
0.11764415654059664,0.08703255184285313,0.26935510519065836
0.12182833091703166,0.08750918686612413,0.2247807590000326
0.11362606280656287,0.08650177100582002,0.31518221549425673
0.10965031198877023,0.08591743625766264,0.3214510430286825
0.11596038756998966,0.08343488687962171,0.3140318773604523
0.10321000120987656,0.0880064809439765,0.3254495277450023
0.10572996459366002,0.08525670933908445,0.3249469266904173
0.10788977868016242,0.0823398338861342,0.3196812544856802
0.101694453930747,0.08439769966134565,0.309567500880996
0.12002152054901064,0.08379579241803926,0.2691018047040384
0.12415334972353356,0.08417805980435737,0.22711208202922203
0.12224305574832871,0.08056085629893377,0.26839252170301675
0.12638731104249734,0.08078519423413566,0.23040750632668083
0.12438425350295329,0.07723193027036042,0.26533752139234984
0.12852857642513837,0.07733307857655332,0.22823707057010167
0.11817676418975306,0.08023636966346043,0.31386065430035576
0.11194689212714203,0.08296317976255098,0.32325787190200944
0.11416523261650673,0.07988115103484673,0.3224660958144406
0.11015137875301284,0.07938872201337538,0.32164276754931004
0.10386197097322028,0.08153780019037563,0.3128907371673137
0.10606180716001241,0.07874286193218334,0.3136576277090415
0.10250605364530868,0.07841757350692859,0.3092228045804218
0.12031868020559686,0.07702289446230312,0.31495910469595123
0.1264526067256274,0.07383742168744317,0.2700461709606424
0.1305755754084258,0.07382424470835114,0.22973437015195908
0.12237903105121196,0.07375474026647962,0.3354689746953509
0.11630252082768473,0.07675655903921792,0.3209652748118014
0.11220937613262509,0.07637297111863035,0.31927372678779853
0.10809193466806,0.07582034736298673,0.3117706612111966
0.10405530580742824,0.07571747797395492,0.3103177067960407
0.12838296828139614,0.07033989863476463,0.2739695595996881
0.13252680666690345,0.07026126610496854,0.2345300762982813
0.11826967678157374,0.07357174840372535,0.33374718427464817
0.1143132189830273,0.07324828230174699,0.318069977552573
0.1101920693188499,0.0728550625875519,0.311840635706983
0.11612498609080175,0.07021480184317389,0.3210490698619697
0.12017377853201981,0.07031489068628496,0.33755409176026246
0.1242497267840873,0.07040690977302325,0.33298286165771573
0.10658608763641501,0.07280133982015101,0.31421231513263276
0.10311025825660622,0.07288853598596585,0.32312924454614517
0.1039127045240389,0.06972100160296935,0.3215457628538622
0.13029647028520047,0.06681182538873978,0.2734707348506272
0.1343808391138032,0.06664675595308553,0.24060135169986333
0.1262623865947948,0.0669188800775282,0.3195284475529192
0.12222720314379852,0.06698658716968209,0.32821956917963574
0.1120257189248626,0.06980279547449628,0.31391545507122376
0.10812491879333552,0.07012162109946297,0.3186196322255164
0.10700978857675233,0.06723383706562684,0.32404012316854913
0.11040505314938431,0.06691946931222333,0.31874567287757755
0.11820218259857981,0.06699134382367672,0.3193952136378106
0.11408867698120766,0.06686143460448409,0.3224706935587523
0.11580888093509983,0.06368070630866611,0.3240035952491802
0.11975335996511699,0.06380260313660564,0.3144032708982289
0.1320022504927155,0.06328441294314695,0.2798327079626835
0.13613631295064355,0.06298336523403973,0.24454140410989803
0.10345278072456654,0.0653855855363465,0.332362232238306
0.12792214608667568,0.06353740939419962,0.3261929935721745
0.13367311509556284,0.059691165958906965,0.2802642748073057
0.13779194066454326,0.05927378077952333,0.2424898563551455
0.10417928279655016,0.06229141982500646,0.3320091388854446
0.1238326014862005,0.06367560620979365,0.33881237505451095
0.10750546847763998,0.06416454433330736,0.32642604519642776
0.1069107670347541,0.05985639767333695,0.3287743834898013
0.11179320863015148,0.06412270877995026,0.3240654913330225
0.11049897886027342,0.0613168133377271,0.32548400529429966
0.11386906362860173,0.06084329617530425,0.3228903840130659
0.11752578111767627,0.06068164226543104,0.328840570964903
0.12174831152824615,0.060494126301912275,0.3212477512769623
0.11507872405615421,0.05807846743225169,0.3235126062246803
0.12961210831820597,0.06001209293284595,0.3276005666345756
0.12564910478461092,0.060284993501070305,0.3441608875270678
0.10278299380925426,0.05944538608073755,0.33012649957992674
0.104160658694719,0.056773674651696145,0.32822309503691965
0.10749755397339483,0.056448791536587835,0.3285659689270793
0.1310909538970203,0.05653844208390055,0.32278365465575526
0.13519284433959358,0.05605943928022335,0.27873863975142443
0.1393465079725187,0.05552072330098716,0.2433467558189865
0.13676209650466956,0.052356443912927535,0.2794796961145754
0.10596316240110148,0.053777597712109326,0.33156554968002494
0.10220848772577763,0.05374491420428632,0.33335803371955747
0.12316523878127836,0.05726257394313664,0.3248534049203966
0.11088518712918212,0.058009858792468505,0.33025611634377267
0.10990679688258428,0.05383912087244394,0.329991631191469
0.11909091198626776,0.057357642240846364,0.34043340378638165
0.11359270766659416,0.055319846900807705,0.3346948221856361
0.11701567495454127,0.054630757274671454,0.33415918719022963
0.12713238915632566,0.05691804355251972,0.3355611393922075
0.1137761141198073,0.0522224251220226,0.3353898592439671
0.11041750499768299,0.05067927274480368,0.33445975563824104
0.10717693870211409,0.05110331647854062,0.33810204205760436
0.10344967851865734,0.05098529356571486,0.3360022993601001
0.14079887471207256,0.05172694539419562,0.2510790067189562
0.1327592070621405,0.052889761278941023,0.3164437606742127
0.12871532047362877,0.053472927284405544,0.3306402366837804
0.1380667171888868,0.04863076480771116,0.28400778606473814
0.13403425207109884,0.049371075824296624,0.31583875964891694
0.1300020846543402,0.04986070029004131,0.33363409897333357
0.12597344830701698,0.05055126166433715,0.3407518348484753
0.12748789479853934,0.046979130451689256,0.341836529637072
0.12474401921736984,0.05389369392763402,0.3320130890594941
0.1206300240146197,0.05420274305791162,0.343537021078343
0.12196593591265543,0.05086623143751469,0.338231006723754
0.12334205562013217,0.047658519984595145,0.3356420254198043
0.11799051159482983,0.05169675268937707,0.3333719396441029
0.11977425201833175,0.048218539459401084,0.33269299605898506
0.11275493510063037,0.04793374231013459,0.33299251631483956
0.11645361618763571,0.049043756968578746,0.33387915462575324
0.11654619324563861,0.045640336763954896,0.33266128805365786
0.10863574414030987,0.048045987800708005,0.3419011467291119
0.1046884041258307,0.04821000072557992,0.3405636354045376
0.14214797567742035,0.047895229520397035,0.2510270693920805
0.13938987518370433,0.04483257651072785,0.28594565994057247
0.1354312311689966,0.045632094795278876,0.3146010313002932
0.13151694102617836,0.046367361602274754,0.33456011567974153
0.12858606327448194,0.043551494247958344,0.3416357485624721
0.12462587156052508,0.04417388117586853,0.33410949025305814
0.12070836005648229,0.045332746191883516,0.32941383911390915
0.12227612940577147,0.04162487577093806,0.33674998816919066
0.10970175405561777,0.0452204998157484,0.33956683695757733
0.10586631970047349,0.04556324474652582,0.34149007363351963
0.10230954791617906,0.04513285625211266,0.3429148080573365
0.10741347513731392,0.042350272900120785,0.3358578666140857
0.10430459673959955,0.0430369879192813,0.34199890194422095
0.1189299636048766,0.04271616014356998,0.33809179712888865
0.11112530692096365,0.0419527595770463,0.3369278092211896
0.11876510835317464,0.039627591461810524,0.35162882847886257
0.11506683716825782,0.04162228257500445,0.35010369068167607
0.11290668557767472,0.04446827001451966,0.34339619030680435
0.14339282140074172,0.04402838596559023,0.25252939867277213
0.14052517236018455,0.041094107355743266,0.28740872818227375
0.1258878683897121,0.04078297256361083,0.3370093454216152
0.13257531520619661,0.04284785548874811,0.33161701897237744
0.1365331193017856,0.04197630468641977,0.31504723075745966
0.13769232460123298,0.03820520855279962,0.3186651050743487
0.1337983105746287,0.039141719919957456,0.3287978285285232
0.1299341302070341,0.04000869982299968,0.3400580800201028
0.12287924308096954,0.03864018412466281,0.33817193645840676
0.1267040710539527,0.03738958024441706,0.333186680379375
0.1210479387490087,0.03620960085737012,0.34527077364169817
0.11198540079367368,0.03917020723848152,0.3353293060193781
0.10832410931481506,0.039539808368518885,0.3433270354624935
0.10929272155634485,0.036611799434160756,0.35468854318838744
0.10465316893556698,0.039985409278434164,0.3544535955469321
0.10168693674666976,0.03717878433535269,0.34066973979190746
0.11727227057542931,0.03547487219596247,0.3425270520059693
0.11526195654611794,0.038428208718059756,0.3450772320066269
0.13858414838760283,0.034542683149113844,0.3294003444928372
0.1416162268086957,0.037232482376260846,0.2892820109464512
0.14453249887788344,0.04012925077938312,0.2554612445128057
0.1346580677252226,0.0355692787833425,0.3351176278112828
0.13072806947619026,0.03654546330062229,0.33654904480341874
0.12436040203402679,0.034987080905337094,0.3406696062672956
0.1278862651939944,0.03393417035582073,0.3327561612892537
0.13180483258720793,0.032923502611715366,0.3390797848248494
0.12487680242143466,0.03195135581474309,0.3465585327609583
0.12077549854527288,0.03285408769772526,0.34282757420906146
0.11314571862096341,0.035938858410163844,0.3416093715218947
0.11017207451118662,0.03384952628952377,0.3603265109178358
0.11393986302317372,0.03303865685006791,0.3455580108247787
0.11712531949850688,0.03203417599805448,0.3387135798809089
0.1189352799315472,0.02891596812664787,0.3368483389694128
0.11503570870099956,0.029733230607050347,0.3481631477443022
0.10552483697840866,0.036820415950895725,0.3653958226513731
0.10659105821801045,0.033807809188025235,0.369411969368629
0.1083506025600473,0.03150987836150163,0.36877590021312656
0.1030118056566181,0.03388804541859767,0.3405434746798534
0.13562615102485573,0.03189984794467945,0.3438199694339413
0.13953285173772112,0.0307171355169546,0.3309064392058368
0.1425314254628708,0.03341855757479182,0.2935311616655682
0.1455661722379817,0.036200683694955896,0.2600430269524282
0.12860305930040256,0.030343920088554917,0.33244309976696945
0.1325765736816944,0.029379222126743685,0.3401385866737235
0.1228287831523478,0.02958108037097817,0.3451900597945048
0.1262388009052561,0.02809412598883097,0.3487437106343952
0.12237603957485481,0.026525264622593327,0.34027588008576354
0.10476087447592247,0.03025277355825501,0.34539100310269966
0.10838746870355837,0.028438503200538912,0.3579142424341186
0.11141291097511827,0.03048972917804734,0.36123632396898936
0.11200099766367794,0.027622294511404823,0.3590860677227663
0.11873300236012957,0.02572917205521715,0.33957455530977765
0.11559901754004066,0.026849629637154784,0.35109102765926975
0.11260578974174329,0.024604010715698593,0.3568042555390259
0.10519657386034183,0.025978193941119193,0.3474296811279541
0.10114719777973569,0.026828849323607885,0.35418929431038837
0.13643463289248337,0.028119134459025773,0.3491701286470898
0.14028817069495375,0.02695455836462729,0.33162089905016434
0.14343079413782792,0.02954108245396737,0.2948070003027601
0.146493083356513,0.03224556603165364,0.26695969778712475
0.13347731908060365,0.02556338219928982,0.34406427394849143
0.1297500722864268,0.02677878490637958,0.3370895719980295
0.1300877692271392,0.02336720968707705,0.34445913060937206
0.1264026385428131,0.02509144387682315,0.3507416622561801
0.12420448279808635,0.022883270164405226,0.3409290191498199
0.11634961850575615,0.023506373333088873,0.34981057832891144
0.1204035302525189,0.022576445817279953,0.33799022419986724
0.1089739149762303,0.02531144161496509,0.3564943712426864
0.11322857103094423,0.02175353353619979,0.35525506230002435
0.10156492283838994,0.023079997606890893,0.3533577822942853
0.10963319245622447,0.022071774088263014,0.3538858457418687
0.10614070831530709,0.022534170125333042,0.34742665800228817
0.11110613065208212,0.019596109322458404,0.3608762207013889
0.1339307074259414,0.022114431432601066,0.3474380355772633
0.1372282549280664,0.024371090566099873,0.3512818436740761
0.140979185498537,0.023074217340392233,0.33221819826930526
0.1441459283414971,0.025643298707126973,0.29583272611674594
0.1473125524113234,0.02826679858174776,0.2724844351408475
0.13071546171075804,0.01990965068230219,0.350756145059971
0.1345117908253621,0.018482973768148028,0.34962150845863155
0.11993733474719177,0.01916572986171812,0.3461413256710594
0.12357151770727147,0.019643642566900356,0.33544666473350476
0.12740923415394884,0.021321102425676343,0.3523416174237198
0.1275820669788734,0.018283483133180817,0.3494928947630667
0.12539477512412558,0.016153799342543594,0.3371783130437197
0.12137987443394851,0.01599640923553651,0.3505504962299217
0.11683810000659584,0.020522161317843724,0.350193494578471
0.11749757468915431,0.017104358964686192,0.35555511442578286
0.11079325537553565,0.016532500575059735,0.3610266280764525
0.11399185582510868,0.018224769972836292,0.35867258616507497
0.11427464913992988,0.015269980089381961,0.35756760028607126
0.11105791051857494,0.013199285488532638,0.3635787648525946
0.10729499279697476,0.014397302188606425,0.36755257509800204
0.10283078979872372,0.01967328991112963,0.35548909471588125
0.10740774622863647,0.01875903445708674,0.35571676553902204
0.10343287697544182,0.015776001277915896,0.3641744154257336
0.11781884037236252,0.014190929603295793,0.35526943113707876
0.11461495966611208,0.012276773940610901,0.35807027173779976
0.10336363645133652,0.011954987651480778,0.3625867745752544
0.10786358575463832,0.010907843790235312,0.36889192279339983
0.1310642405280787,0.016255026154659718,0.3556499862268263
0.1284820387649241,0.014340643987647745,0.3446172947644334
0.13773086641024407,0.020787684640184552,0.35268736105552073
0.13825579492968187,0.01707348863270768,0.3557728571270596
0.14149679966447593,0.019360101652564424,0.3326820751817752
0.1447713192035608,0.0217083268051407,0.2947084885576854
0.14802397838122894,0.024267299482914766,0.27847005465558533
0.13488457898266834,0.014934229619388575,0.35396867263039256
0.12072247959471948,0.012728552879700587,0.35380568967019466
0.12451293805120094,0.013082628410342557,0.3446010502793981
0.10192772617722462,0.006319189574756571,0.3590306864674381
0.10433811677253106,0.008432864008231476,0.3630199261372764
0.1114208655006946,0.010054663509126947,0.36595331146451676
0.1181973738155504,0.01081087626304241,0.35297793824255314
0.1149264589661403,0.009404927915602322,0.3616009503054914
0.11266392678619655,0.0074719963238323505,0.37161785130378516
0.10879682684606777,0.007045049517948322,0.37404598659199906
0.11199017907489658,0.0045909394660783535,0.3786792370127276
0.10453703772043904,0.004492091559335144,0.3609729141821783
0.13178112031077074,0.012694041269400672,0.35394821662189596
0.12837845075512896,0.011274930913040038,0.3461152235293552
0.13552282059188592,0.01105375125615457,0.35512036341103553
0.13180836048371614,0.009176174523559575,0.3581794478550813
0.13860640647758612,0.01327553860747976,0.35570277280165513
0.14202300783769126,0.015521268117879928,0.3340918399454529
0.14526688309604896,0.01784454294512001,0.29364027591801073
0.148626839486821,0.02025000207799356,0.28223411770332724
0.12206558962990471,0.009392565166911084,0.3522143687737063
0.12595161460270152,0.009316634628605158,0.3490880216641771
0.11837262227718884,0.00775215877401159,0.3551825586878698
0.12895053815511223,0.007390860177260422,0.3554391738983751
0.12498635476266023,0.006251787064845274,0.3529005932189943
0.12130118999781235,0.0060805328463534,0.3528958962051123
0.11528943195535574,0.0058419417443196335,0.37096791956866637
0.1187421113910224,0.004328846547542064,0.3607528628881391
0.11528598301725214,0.0028098766281444442,0.37735447007409445
0.10825826761197348,0.002783508912906399,0.366193316284326
0.11182084180559275,0.0012434610480322164,0.3715217622675464
0.10412261935843882,6.520231198026992E-4,0.37460645542080595
0.10109826214261133,-0.002324335673495618,0.36919132025124385
0.1390602697805857,0.00941910034154347,0.3541546129545669
0.13560510610602253,0.007556312782072226,0.3573811601743626
0.1321533576714163,0.005638262929705192,0.36279338620018753
0.12872894325462317,0.004381885499281765,0.3572974276498451
0.1423565775389081,0.011668343084708781,0.33643325792052253
0.14574338915386387,0.013864926950647543,0.2952255488411985
0.14912069357315394,0.01621785276359129,0.28421584110973425
0.11882541082873631,0.0013918038885439828,0.36747578160131167
0.12627967285648317,0.002504755160272886,0.357386566880831
0.12236811895247456,0.00275965282052335,0.3553024125079735
0.11528154050992814,-1.82603813835037E-4,0.3730985864737695
0.11185913540231213,-0.001973911595818791,0.3679980290244767
0.10850651072647914,-7.594624205569289E-4,0.3701694031337559
0.1046455249109187,-0.0028950367133121447,0.37473536521341183
0.10202215675160739,-0.004748885885726658,0.36661426920474993
0.11283202973673351,-0.004751339075352092,0.36764700442223514
0.11520665245643837,-0.0031038131898570285,0.36888896467547383
0.11870251631800242,-0.002082008659690402,0.3673913019570596
0.12139729628263057,-3.2060334488812715E-4,0.3628143283120988
0.13593356610207574,0.0037815131252727525,0.3618234813489107
0.13917216117615497,0.005753442666230718,0.3522071965974322
0.14268750016446535,0.007706057571478354,0.34045073328813874
0.13204741921969068,0.0020176967758729065,0.36529417204915987
0.12921560292420708,3.4552483750308483E-4,0.35685080647129547
0.1460593300255122,0.009898658019935,0.2989477867905799
0.1495051784340334,0.012173808829114697,0.29345478299953526
0.12514118796381138,-4.621073941406735E-4,0.3605944127829392
0.10896598402360357,-0.00476446387200334,0.3730275034646899
0.10441584939284618,-0.006851893968506439,0.3673372787249542
0.11186126723096473,-0.00744182877723982,0.37214873760836764
0.11523405183308104,-0.00661530060098702,0.3671723031527762
0.11854078435793287,-0.005079369564833343,0.3649685000582434
0.12248659142355248,-0.0038339010329104754,0.36447566522591485
0.12627451397976167,-0.004377262361484547,0.36587993962500825
0.12877892734002544,-0.002639038350949036,0.358759560739297
0.13582955528033624,1.9481748470433758E-4,0.3665992142536903
0.13937318685485373,0.0019307440352611708,0.35543696839852035
0.14278613944897572,0.003912632813005736,0.34263152634547817
0.14629290431335232,0.005889523814657359,0.30366423742765014
0.13236110799821788,-0.0016262849716887472,0.36408879721726484
0.14978001207766858,0.008120836287812617,0.29949631577435315
0.10354818720875755,-0.010554851295963964,0.36562012044578746
0.1079291879341551,-0.008976298545635246,0.3658689940760312
0.11128075397999322,-0.010879253321750845,0.3664051777411081
0.11486151713478623,-0.009682993944916306,0.3704275253933455
0.11843743624682508,-0.008573291842340972,0.36402625592039467
0.12124668956409355,-0.0070685761633670265,0.3636039865673688
0.1249397590001069,-0.007443037100068366,0.367795187167553
0.1290212849977304,-0.006590232272438762,0.3655298915388578
0.13201165390647052,-0.005062609749529038,0.3622190349400701
0.13589483163183197,-0.0036531276657831174,0.36811846250159164
0.139295160710698,-0.0018382038627830681,0.36214641139780795
0.1499449929334926,0.004061907701420211,0.32847865430718143
0.14289493943357262,-2.480444792507086E-5,0.3460234963326358
0.14638414669413094,0.002018963318691455,0.3128270290256961
0.1036421135729076,-0.01423817783767317,0.37343270612888574
0.1077592986790322,-0.012539010540410666,0.3643979331760458
0.11098412752151834,-0.014067118352733587,0.3644505836196848
0.11455791719373086,-0.012639305656291214,0.3685426381834926
0.11813127632307134,-0.011498580919988193,0.3697847454663408
0.1220086695166355,-0.010475778170276059,0.364408510333654
0.12589240778762803,-0.011136742787188866,0.36854826852016326
0.12856173577294186,-0.009616193668130947,0.36728277551605815
0.13192728673591297,-0.008685254648827858,0.3622195502407551
0.13555067448742641,-0.007174641037928922,0.3651319198635769
0.13925087223107263,-0.005695945318439741,0.36797342543821915
0.14283438411157323,-0.003848825796479275,0.3534200185603636
0.15,1.8369701987210297E-17,0.4179126068481578
0.14642792137626406,-0.0019829525931545577,0.3322670293133316
0.103037274327706,-0.018070288216387398,0.37884166140767234
0.10777968228362599,-0.016485859227533317,0.3674096968764976
0.11163735951860627,-0.01689819944952972,0.3672807828026226
0.11417761186631141,-0.015551397578847308,0.3673887093812039
0.11779513607315684,-0.014857377230144622,0.3709264444294677
0.12074590321129407,-0.013541695413816023,0.3705591302588121
0.12443002956112405,-0.014005022906601937,0.3675449594665542
0.12851677537959924,-0.013489937236646241,0.3691489408370807
0.13147040198713086,-0.01217386494199296,0.3643278605590284
0.1354116727938772,-0.010878692287322331,0.3615472260633628
0.13897109385112152,-0.009313068660783692,0.3703752053836525
0.1426706156532122,-0.007783696094925908,0.3643049956211342
0.14629339498939434,-0.005974231720795608,0.34380965078671344
0.1499449929334926,-0.004061907701420174,0.3120482337614356
0.10175913839618515,-0.02170205285837458,0.3809587418178179
0.10631987584643668,-0.020524920613625135,0.3763359172294754
0.11033053057871685,-0.019549023638936833,0.36781624924553663
0.11384934655737461,-0.019068595333127804,0.37450185832083965
0.11734791045916187,-0.017837377188195114,0.369893668050046
0.12125727721618862,-0.017063509713614245,0.37395926323844186
0.1251132463234445,-0.0179631361103049,0.3704035868808032
0.12790767937814645,-0.016502605990104714,0.3703940892804996
0.13130596080157853,-0.015820721967783138,0.37248800885242317
0.13495087659098232,-0.014397260480014815,0.3610596329065205
0.13878512078248345,-0.013112647012173646,0.36647041631771016
0.14236361355424043,-0.011528588483719184,0.3712549971595793
0.14610040325686788,-0.009949774850726812,0.36540563827088895
0.14978001207766858,-0.008120836287812646,0.31072606618569426
0.10106234115568093,-0.10095564087250025,0.37841646673988244
0.10210324376526765,-0.10490546574945266,0.3780277319253311
0.10315491882801336,-0.10889932378846977,0.3727025293586767
0.10156461843904598,-0.025336636502532657,0.39102433762407035
0.10577084567198032,-0.024058154419939817,0.3811283088293931
0.10948358423146386,-0.022785065036304786,0.37344396510437394
0.11322332030937812,-0.0220322860812322,0.3708824261846833
0.1168435718334622,-0.021297211324263637,0.37683349808593675
0.1196904489746996,-0.020063660868434384,0.37163618135822823
0.12350067088832242,-0.02077986344696101,0.37351780951590335
0.12764520651575686,-0.02046856203295401,0.3692483936810577
0.13066690991161337,-0.019364946550754967,0.37301228813149995
0.13472293397526644,-0.01825469542091679,0.3702201808184599
0.13824462604875426,-0.01673855896084786,0.3638650704456156
0.1420799209869988,-0.015432886279885509,0.3694099681579295
0.14574511027186116,-0.013809560641552282,0.38148747572264097
0.1495051784340334,-0.012173808829114662,0.34099806940563065
0.1012418179551703,-0.09068504140978252,0.3825340273749957
0.10254262710987676,-0.09446892208446592,0.3835888818487882
0.10372789591411624,-0.09828456281827175,0.38150301271961107
0.1049154913528013,-0.10214509520022005,0.3835720015432243
0.106066017177982,-0.10606601717798227,0.37793828423623915
0.10881794392227848,-0.02596161681594409,0.37999751319334013
0.10537608946680567,-0.028053786873184935,0.39366274333585555
0.10341412673874228,-0.03196739404438228,0.38894507579734255
0.10237518235894802,-0.03535054093226723,0.3825134107433113
0.10171485680303882,-0.03927446556431671,0.38040414605908396
0.11257954504847043,-0.02495090318293999,0.37141839032345564
0.11634598622253314,-0.024203420171902756,0.3791471201727452
0.12012717515885565,-0.023555431831862875,0.3759710279619051
0.12391097367871093,-0.024731493308377515,0.37763908396542845
0.1268373404899128,-0.023467356672294003,0.37430128196231194
0.13026532514110342,-0.022959995606270128,0.37074502285561906
0.1340720458228017,-0.02175883229502689,0.3755370187735955
0.13786193381157774,-0.02064299419618201,0.3726107019368569
0.14151481768930763,-0.01919952720475672,0.36511820130804956
0.1453325468947682,-0.017824077196747255,0.3840466751546106
0.14912069357315394,-0.016217852763591254,0.3636745796439929
0.10095062922112333,-0.07998706496943948,0.38664525422506624
0.10197024246709628,-0.08388303854322024,0.3807501941708113
0.10372853781334367,-0.0877716947366911,0.3788386205981355
0.1050237854613804,-0.0915325807869521,0.38054232584436004
0.10640299717133163,-0.09532752291001469,0.3783423549447141
0.10764367355512941,-0.09922505358271733,0.38269879588847494
0.10889932378846953,-0.10315491882801361,0.3812981144233654
0.10916769274425182,-0.02887106403724846,0.3873433641167493
0.11187344965630815,-0.02781225349994672,0.377661487260558
0.10758386178813734,-0.031326013842251525,0.393520387297322
0.10622377059579108,-0.03456840461914472,0.3865972618605826
0.10541838844560526,-0.03754610753052078,0.38294519661689147
0.10546434350101425,-0.040556171425912044,0.38258953628836334
0.1035944643232631,-0.04279763880364791,0.3809751491154501
0.10197620617227166,-0.045781504705460795,0.3850208163882378
0.11555056119226312,-0.027556353537429218,0.3737933478937037
0.11845531554883554,-0.02640461615296749,0.3814757485132654
0.12211989390519062,-0.027383516460299902,0.3836976040441872
0.1262157305059437,-0.027299244826016776,0.37947164676611095
0.1294257738940471,-0.02641220303765769,0.3753214924052031
0.13355698130446164,-0.025547835713334997,0.3727641108905752
0.13717403736186004,-0.024298092784935853,0.38073981463445344
0.1410277630022057,-0.023122274540483375,0.3700379227328869
0.14477370113015375,-0.021674262352020336,0.37952761349109604
0.148626839486821,-0.02025000207799352,0.36895374465613284
0.1020820047558196,-0.07443261404679628,0.38829705801741454
0.10307388178589542,-0.07778747400006283,0.3871569067835414
0.10434302551121084,-0.08126279074839046,0.3873683016756813
0.10605537812207708,-0.08511886313395993,0.38212658257518856
0.10750364227112978,-0.08873658431065305,0.38088689324559905
0.10891419207771974,-0.092496606096701,0.37817479580686747
0.11032706254632794,-0.09627972225166406,0.380404264767992
0.11165276063434046,-0.10016816381830446,0.38025991075856175
0.11114869204235243,-0.031287946270859866,0.38592826498705163
0.11480242856895347,-0.030513001081547288,0.37766728338251987
0.11011535256908062,-0.03410337806176996,0.3894643105646271
0.10923683757029058,-0.03699267835001063,0.3869057741179364
0.10821859682088844,-0.03975335677358511,0.3864946729776297
0.10714540212149454,-0.04310069345502561,0.38230075638189115
0.10582865989111702,-0.045878841310345496,0.3858711691277706
0.10461814626529055,-0.04859396978249993,0.38358606518681543
0.10326295153017291,-0.051227923002130804,0.3868572204528091
0.1019307883171415,-0.05453257093184546,0.38845263526785034
0.11881232360639048,-0.030090702976294525,0.3783589454858109
0.12244588564752094,-0.03151408277559975,0.3814172554010933
0.12535163923039108,-0.030341180599597593,0.3832608283189494
0.1287626319105652,-0.02994144414379409,0.37802490219416085
0.13273738132147933,-0.028990936114867118,0.3732649984997956
0.13656202782098056,-0.02807391132905216,0.37513008396967934
0.14031792997602335,-0.026820208247514545,0.37666193302455486
0.14417815042513266,-0.02564623168319068,0.3798242166564249
0.14802397838122894,-0.02426729948291473,0.36479368360885805
0.10325719098615435,-0.07062636882912753,0.386289919969696
0.10512881898874644,-0.07439742253545568,0.3863040974026261
0.106362798730443,-0.07820236103175968,0.38788059490907983
0.10823588484549172,-0.08196916850919594,0.3877189612278584
0.10980893695568453,-0.08567743928198189,0.3853697569492158
0.11140272816906094,-0.08941323621747005,0.3806391814453957
0.11288491555748628,-0.09321814781907059,0.38129827596288907
0.1143243082691454,-0.09710794271727423,0.3745830710911959
0.1138236001330626,-0.03384792092945065,0.38508289629699405
0.11689322065218032,-0.032988427570531796,0.3804975045826514
0.1128992686597348,-0.03665116135415529,0.38846286930109825
0.10239646235539145,-0.05999688705215136,0.3805105744965771
0.10392218647293039,-0.05751076026140379,0.3855409020045917
0.11182602337338038,-0.03988895044739038,0.38581282098540387
0.11068829803110258,-0.04266847572564039,0.38526020562489866
0.10950836649765425,-0.04592847559970435,0.38404258688781917
0.10836307334429576,-0.04869547464317906,0.3894261419773956
0.10682223310946262,-0.05176134337258181,0.3878216645142194
0.10547539408016758,-0.05447219969799559,0.3900120951171488
0.12046255816369765,-0.0342025195829604,0.3801049887969916
0.12460786937338932,-0.034190676435522385,0.37845828279006954
0.12782041065054003,-0.03336485021460142,0.3828905529075312
0.1319217599428362,-0.03266103775089513,0.37590168588999223
0.1356856407151537,-0.03169294955581441,0.37457903634732714
0.13952154308826845,-0.030701040514227552,0.37237876129531783
0.14341521429106763,-0.029489887923975545,0.3835906422342151
0.1473125524113234,-0.028266798581747788,0.3668969833748255
0.10287781079297803,-0.06637107539986271,0.3785515772633103
0.10385238839450413,-0.06294862696437865,0.3768580632739071
0.10592641374683451,-0.06877048840787123,0.3791844316996643
0.10710925643671533,-0.07210802020528975,0.3843155280427349
0.10855103897701138,-0.07545160927661697,0.3846778891389752
0.11044435786411373,-0.07921868767987665,0.3842783616191355
0.1121324322289166,-0.082824208792984,0.3856824044641524
0.11376370818342121,-0.08652165506272348,0.38406143357020084
0.11533484702488771,-0.09021781517113078,0.3849859644724751
0.11691200730623867,-0.09397649997539809,0.37854445085085886
0.11688234191347932,-0.03643249468659754,0.38453883228021773
0.11501164347076664,-0.039182121248814775,0.38864215440256544
0.10631490982043067,-0.060724216114603304,0.3799656988646736
0.10708508750709314,-0.05732444862051931,0.38852415188213474
0.11480464591929258,-0.04273394240456112,0.39058535148071144
0.11265624454885008,-0.0454271744635947,0.38567070355937566
0.11228059553611541,-0.04876147536126065,0.38355971421746876
0.11002952781227023,-0.0513817476920244,0.39424792959368304
0.10951184035485988,-0.05480441898042042,0.3934400335558438
0.12058867479659019,-0.03795567078895444,0.3836035740173207
0.12356621016471607,-0.037042603907846965,0.38043299069184316
0.1269708907921854,-0.03687346725894257,0.378486159721956
0.13089337114696492,-0.03610223781563984,0.38229813449512284
0.13482943132384612,-0.03540643857940513,0.37561010189411353
0.13865003317334576,-0.03437887215335182,0.3720826049942551
0.14253063929320345,-0.03336224602917173,0.38110201772971547
0.14649308335651298,-0.03224556603165367,0.37343513409192064
0.10703601131670872,-0.06491989490969666,0.3742872535150972
0.1090286881159341,-0.0686606956022105,0.37868725241525464
0.11044242614625582,-0.07240578913719445,0.3807742590628404
0.11254433480556614,-0.07605193043618111,0.3828226094304618
0.11427213792349314,-0.0796552330804107,0.3843055680564302
0.11606206440571387,-0.08327706902009649,0.3843941752999496
0.11775589743176464,-0.08698814971472688,0.3857010092133147
0.11941395985584648,-0.0907761322790649,0.3790798110198459
0.11850567308025915,-0.04039151994312638,0.38833345285533005
0.109586358179107,-0.06298205205451403,0.3779065534649515
0.11022886130232075,-0.059108946649952344,0.3883920228681266
0.1183056090341976,-0.04445123419770816,0.3909662603045244
0.11606359151503003,-0.046923570456035235,0.3870561193418104
0.11578445934016088,-0.05075655529377465,0.38336034163146115
0.11339949964038859,-0.052962469163379836,0.39404305036344267
0.11274470927125368,-0.05693457479402768,0.39352832706001084
0.12258885152926187,-0.04081745309918711,0.3858914485567015
0.1258025824129043,-0.04019670924896626,0.38340499659354005
0.12993861496883521,-0.03979652856964919,0.37715817374130317
0.13372612630706854,-0.03896344630457903,0.3817570886357
0.13770308140992168,-0.038233072353239125,0.3703468132974883
0.14158069820940417,-0.03722757361250936,0.37809046271819363
0.1455661722379817,-0.03620068369495586,0.36861847868288417
0.11094078549470097,-0.06627103788013204,0.374058989571934
0.1125529337159468,-0.06959816226601184,0.3740182974052237
0.11457076762279139,-0.07319388404301222,0.3775607168687258
0.11643893521589821,-0.07666677972055612,0.3814666618934081
0.11824389187991366,-0.08023087091738962,0.3827636675764344
0.12002243410346469,-0.08381848253409276,0.38875332514592525
0.12182833091703159,-0.08750918686612422,0.38329129572090626
0.12130417889452402,-0.04359974651708278,0.38727277705263846
0.11262549761522488,-0.06262573548912959,0.3822968158437365
0.11429644082741487,-0.060093678809508395,0.39049550955242834
0.12021996449929818,-0.04737496205485142,0.3890325401292061
0.11887013482665683,-0.05014924498574635,0.3831974264692784
0.11745264739535444,-0.05389220879695323,0.3855625077293723
0.11581611424259107,-0.05646657066451587,0.39495655714843475
0.12493609414633365,-0.043704441842840475,0.38708806302119975
0.1287599047973943,-0.0430848717279404,0.38152000735507435
0.1326976062560684,-0.042640816068775664,0.3766781854349446
0.13658266586929557,-0.04183181248858301,0.3758288406222587
0.140515986301485,-0.04109622331873275,0.3750967565227828
0.14453249887788344,-0.040129250779383153,0.3679845296480105
0.11421290029539843,-0.06624493482191987,0.37728887163531105
0.11647828440281122,-0.06977035743849076,0.3736919554007512
0.11842092737326639,-0.07332392554629182,0.3767403300044451
0.12040303531389601,-0.07685740632115075,0.3751995556060787
0.12230009975562539,-0.08050764946383118,0.38485759190670615
0.12415334972353352,-0.08417805980435746,0.3846638651346243
0.12349524531135779,-0.047066490526735165,0.38582932415634086
0.11607041567189383,-0.06322808540634074,0.3846743473205745
0.11765346664220597,-0.060022956056415847,0.3924096751408339
0.12226614189564401,-0.05030705066514452,0.3850637299970978
0.12073567920788376,-0.05357025577329665,0.38122460463069235
0.11944079730345551,-0.05699710124220324,0.38882064479860623
0.12765017070583196,-0.04674772193671507,0.38636462358690843
0.13136671907342828,-0.04612932740074507,0.3822428622806981
0.13543123116899658,-0.045632094795278876,0.37322454752955597
0.13934604544322632,-0.0448146605888925,0.3807655415556546
0.14339282140074172,-0.044028385965590264,0.36946512217713473
0.11836741208113447,-0.06670889236764027,0.37959773652136125
0.12043919531243155,-0.07010738807610001,0.37605926218443236
0.12245801756696101,-0.07360882651459397,0.3713560774674745
0.12445266507810483,-0.07716186366815825,0.37522846499678786
0.1263873110424973,-0.08078519423413573,0.37723244547319307
0.1262648310056711,-0.05004206404426425,0.38315972362852896
0.12012282104428809,-0.06337920664738418,0.3866198270600493
0.12182916943072238,-0.0603051384245891,0.3890603790447868
0.12496941189687627,-0.05356804868885035,0.38591688882046743
0.12340151529793153,-0.05679716847655597,0.3811199965768592
0.13018722731074112,-0.0497650604136103,0.3863575139036996
0.1341308164671484,-0.04915108881627825,0.3803808349052394
0.13811075598008263,-0.048623398122540636,0.37886014076482705
0.14214797567742035,-0.04789522952039706,0.37260736144563317
0.1222517889803692,-0.06675618109850215,0.3817976275101352
0.12437597970580351,-0.07018802166679987,0.37344943962229543
0.12648969028745435,-0.07369443165377866,0.3714455433776678
0.12852857642513835,-0.07733307857655332,0.36729037496562583
0.1287385596581155,-0.05315420831414154,0.38281001812086846
0.12406195620615142,-0.0635573387291137,0.38686076433835975
0.12567169682580084,-0.06008802738558933,0.38176216095227544
0.12733396912440528,-0.056725693594264257,0.38711954603036897
0.13275618358209956,-0.0528550655141751,0.3817530927113583
0.13671665605318523,-0.0523002034965411,0.3842830370838089
0.14079887471207253,-0.051726945394195645,0.3720474216231713
0.12624426348513879,-0.06690412212339529,0.3812207853519927
0.12841853565518016,-0.07033175186154175,0.3814201560766776
0.13057557540842576,-0.07382424470835122,0.372300202878231
0.13125199047054786,-0.05631992354851703,0.38198063359259543
0.12801287161116134,-0.06338689003154947,0.37718349345536134
0.12968729721701547,-0.05998032848276376,0.3813275504280042
0.1352658799358738,-0.05600336217506872,0.385040577844217
0.13934650797251869,-0.05552072330098726,0.3780353916049835
0.13030051150773742,-0.06679856036538029,0.3826714798612221
0.1325268066669034,-0.07026126610496862,0.37776904401465466
0.13367702649130814,-0.05961921325060806,0.3865202102756473
0.13204283535437017,-0.06324506125681353,0.38080687848968026
0.13779194066454326,-0.05927378077952337,0.38043173094363486
0.13438083911380316,-0.06664675595308561,0.3758869008684671
0.13613631295064355,-0.06298336523403976,0.38027034805717325
